-- V33__populate_mock_data_bulk.sql
-- 100+ records per entity (except ADM)

-- ==========================================
-- 1. BRANCH ADDRESSES (100)
-- ==========================================
INSERT INTO tb_addresses (id, street, number, complement, district, state, country, cep, city) VALUES
 ('uuid-baddr-001','Av. Paulista',100,'Sala 1','Bela Vista','SP','Brazil','01310-100','São Paulo'),
 ('uuid-baddr-002','Rua das Flores',200,'Loja 2','Centro','RJ','Brazil','20040-020','Rio de Janeiro'),
 ('uuid-baddr-003','Rua XV de Novembro',300,'Apt 3','Centro','PR','Brazil','80020-310','Curitiba'),
 ('uuid-baddr-004','Av. Beira Mar',400,'Bloco A','Praia','SC','Brazil','88015-200','Florianópolis'),
 ('uuid-baddr-005','Rua da Consolação',500,'Conj 5','Consolação','SP','Brazil','01301-000','São Paulo'),
 ('uuid-baddr-006','Av. Atlântica',600,'Apt 6','Copacabana','RJ','Brazil','22070-000','Rio de Janeiro'),
 ('uuid-baddr-007','Rua Sete de Setembro',700,'Sala 7','Centro','BA','Brazil','40060-001','Salvador'),
 ('uuid-baddr-008','Av. Afonso Pena',800,'Loja 8','Centro','MG','Brazil','30130-001','Belo Horizonte'),
 ('uuid-baddr-009','Rua do Comércio',900,'Apt 9','Comércio','PE','Brazil','50010-000','Recife'),
 ('uuid-baddr-010','Av. Getúlio Vargas',1000,'Sala 10','Centro','CE','Brazil','60025-000','Fortaleza'),
 ('uuid-baddr-011','Rua Padre Carapuceiro',110,'Loja 11','Boa Viagem','PE','Brazil','51020-280','Recife'),
 ('uuid-baddr-012','Av. Duque de Caxias',120,'Apt 12','Centro','MA','Brazil','65020-070','São Luís'),
 ('uuid-baddr-013','Rua Senador Feijó',130,'Sala 13','Sé','SP','Brazil','01006-000','São Paulo'),
 ('uuid-baddr-014','Av. Presidente Vargas',140,'Bloco B','Centro','RJ','Brazil','20071-003','Rio de Janeiro'),
 ('uuid-baddr-015','Rua dos Andradas',150,'Loja 15','Centro Histórico','RS','Brazil','90020-006','Porto Alegre'),
 ('uuid-baddr-016','Av. Brasil',160,'Sala 16','Centro','AM','Brazil','69025-060','Manaus'),
 ('uuid-baddr-017','Rua Augusta',170,'Apt 17','Consolação','SP','Brazil','01305-100','São Paulo'),
 ('uuid-baddr-018','Av. Santos Dumont',180,'Loja 18','Aldeota','CE','Brazil','60150-160','Fortaleza'),
 ('uuid-baddr-019','Rua Halfeld',190,'Sala 19','Centro','MG','Brazil','36010-000','Juiz de Fora'),
 ('uuid-baddr-020','Av. Independência',200,'Apt 20','Independência','RS','Brazil','90035-075','Porto Alegre'),
 ('uuid-baddr-021','Rua do Ouvidor',210,'Loja 21','Centro','RJ','Brazil','20040-030','Rio de Janeiro'),
 ('uuid-baddr-022','Av. Rebouças',220,'Sala 22','Pinheiros','SP','Brazil','05402-100','São Paulo'),
 ('uuid-baddr-023','Rua Marechal Deodoro',230,'Apt 23','Centro','PR','Brazil','80010-010','Curitiba'),
 ('uuid-baddr-024','Av. Carlos Gomes',240,'Bloco C','Aldeota','CE','Brazil','60170-100','Fortaleza'),
 ('uuid-baddr-025','Rua Saldanha Marinho',250,'Loja 25','Centro','RS','Brazil','90240-160','Porto Alegre'),
 ('uuid-baddr-026','Av. Rio Branco',260,'Sala 26','Centro','RJ','Brazil','20040-004','Rio de Janeiro'),
 ('uuid-baddr-027','Rua Boa Vista',270,'Apt 27','Centro','SP','Brazil','01014-001','São Paulo'),
 ('uuid-baddr-028','Av. João Pessoa',280,'Loja 28','Cidade Nova','BA','Brazil','40050-000','Salvador'),
 ('uuid-baddr-029','Rua Visconde de Pirajá',290,'Sala 29','Ipanema','RJ','Brazil','22410-003','Rio de Janeiro'),
 ('uuid-baddr-030','Av. Contorno',300,'Apt 30','Santo Agostinho','MG','Brazil','30110-090','Belo Horizonte'),
 ('uuid-baddr-031','Rua Floriano Peixoto',310,'Loja 31','Centro','GO','Brazil','74005-010','Goiânia'),
 ('uuid-baddr-032','Av. Dom Luís',320,'Sala 32','Meireles','CE','Brazil','60160-230','Fortaleza'),
 ('uuid-baddr-033','Rua Osório',330,'Apt 33','Centro','SC','Brazil','89010-100','Blumenau'),
 ('uuid-baddr-034','Av. Lins de Vasconcelos',340,'Bloco D','Vila Mariana','SP','Brazil','04112-000','São Paulo'),
 ('uuid-baddr-035','Rua da Imprensa',350,'Loja 35','Centro','MS','Brazil','79004-180','Campo Grande'),
 ('uuid-baddr-036','Av. Presidente Kennedy',360,'Sala 36','Centro','PI','Brazil','64001-470','Teresina'),
 ('uuid-baddr-037','Rua José Bonifácio',370,'Apt 37','Centro','RN','Brazil','59025-520','Natal'),
 ('uuid-baddr-038','Av. Miguel Sutil',380,'Loja 38','Quilombo','MT','Brazil','78045-060','Cuiabá'),
 ('uuid-baddr-039','Rua Henrique Schaumann',390,'Sala 39','Pinheiros','SP','Brazil','05413-010','São Paulo'),
 ('uuid-baddr-040','Av. Pio XII',400,'Apt 40','Centro','SE','Brazil','49015-010','Aracaju'),
 ('uuid-baddr-041','Rua São Bento',410,'Loja 41','Centro','SP','Brazil','01011-100','São Paulo'),
 ('uuid-baddr-042','Av. Nazaré',420,'Sala 42','Nazaré','PA','Brazil','66035-170','Belém'),
 ('uuid-baddr-043','Rua Almirante Barroso',430,'Apt 43','Centro','RJ','Brazil','20031-003','Rio de Janeiro'),
 ('uuid-baddr-044','Av. Maracanã',440,'Bloco E','Tijuca','RJ','Brazil','20511-000','Rio de Janeiro'),
 ('uuid-baddr-045','Rua do Rosário',450,'Loja 45','Centro','RS','Brazil','90020-011','Porto Alegre'),
 ('uuid-baddr-046','Av. Francisco Sá',460,'Sala 46','Aldeota','CE','Brazil','60135-218','Fortaleza'),
 ('uuid-baddr-047','Rua Maringá',470,'Apt 47','Zona 07','PR','Brazil','87030-000','Maringá'),
 ('uuid-baddr-048','Av. Epitácio Pessoa',480,'Loja 48','Miramar','PB','Brazil','58032-000','João Pessoa'),
 ('uuid-baddr-049','Rua Felipe Camarão',490,'Sala 49','Ribeira','RN','Brazil','59012-300','Natal'),
 ('uuid-baddr-050','Av. Goiás',500,'Apt 50','Centro','GO','Brazil','74805-080','Goiânia'),
 ('uuid-baddr-051','Rua Tiradentes',510,'Loja 51','Centro','MG','Brazil','35900-000','Itabira'),
 ('uuid-baddr-052','Av. Bernardo Vieira',520,'Sala 52','Lagoa Nova','RN','Brazil','59056-000','Natal'),
 ('uuid-baddr-053','Rua Marechal Floriano',530,'Apt 53','Centro','SC','Brazil','88010-500','Florianópolis'),
 ('uuid-baddr-054','Av. Herculano Bandeira',540,'Bloco F','Pina','PE','Brazil','51110-030','Recife'),
 ('uuid-baddr-055','Rua Voluntários da Pátria',550,'Loja 55','Botafogo','RJ','Brazil','22270-010','Rio de Janeiro'),
 ('uuid-baddr-056','Av. Júlio de Castilhos',560,'Sala 56','Caxias do Sul','RS','Brazil','95020-370','Caxias do Sul'),
 ('uuid-baddr-057','Rua Sergipe',570,'Apt 57','Funcionários','MG','Brazil','30130-170','Belo Horizonte'),
 ('uuid-baddr-058','Av. Campos Sales',580,'Loja 58','Centro','CE','Brazil','60015-140','Fortaleza'),
 ('uuid-baddr-059','Rua Santa Catarina',590,'Sala 59','Lourdes','MG','Brazil','30170-080','Belo Horizonte'),
 ('uuid-baddr-060','Av. Nossa Senhora de Copacabana',600,'Apt 60','Copacabana','RJ','Brazil','22060-000','Rio de Janeiro'),
 ('uuid-baddr-061','Rua Cláudio Manoel',610,'Loja 61','Funcionários','MG','Brazil','30140-100','Belo Horizonte'),
 ('uuid-baddr-062','Av. Dois de Julho',620,'Sala 62','Garcia','BA','Brazil','40060-540','Salvador'),
 ('uuid-baddr-063','Rua Barão de Limeira',630,'Apt 63','Campos Elísios','SP','Brazil','01202-001','São Paulo'),
 ('uuid-baddr-064','Av. Silveira Martins',640,'Bloco G','Cabula','BA','Brazil','41180-000','Salvador'),
 ('uuid-baddr-065','Rua Doutor Rodrigues Alves',650,'Loja 65','Barreiro','MG','Brazil','30640-000','Belo Horizonte'),
 ('uuid-baddr-066','Av. Borges de Medeiros',660,'Sala 66','Praia de Belas','RS','Brazil','90110-902','Porto Alegre'),
 ('uuid-baddr-067','Rua Jerônimo Monteiro',670,'Apt 67','Centro','ES','Brazil','29010-002','Vitória'),
 ('uuid-baddr-068','Av. Fernando Ferrari',680,'Loja 68','Goiabeiras','ES','Brazil','29075-910','Vitória'),
 ('uuid-baddr-069','Rua do Bispo',690,'Sala 69','Rio Comprido','RJ','Brazil','20261-050','Rio de Janeiro'),
 ('uuid-baddr-070','Av. Praia de Belas',700,'Apt 70','Menino Deus','RS','Brazil','90110-000','Porto Alegre'),
 ('uuid-baddr-071','Rua Paes Leme',710,'Loja 71','Pinheiros','SP','Brazil','05412-000','São Paulo'),
 ('uuid-baddr-072','Av. Visconde de Albuquerque',720,'Sala 72','Leblon','RJ','Brazil','22450-000','Rio de Janeiro'),
 ('uuid-baddr-073','Rua Haddock Lobo',730,'Apt 73','Cerqueira César','SP','Brazil','01414-002','São Paulo'),
 ('uuid-baddr-074','Av. Caxangá',740,'Bloco H','Iputinga','PE','Brazil','50731-000','Recife'),
 ('uuid-baddr-075','Rua Álvaro Alvim',750,'Loja 75','Centro','RJ','Brazil','20031-010','Rio de Janeiro'),
 ('uuid-baddr-076','Av. Perimetral Norte',760,'Sala 76','Setor Aeroporto','GO','Brazil','74075-040','Goiânia'),
 ('uuid-baddr-077','Rua Henrique Dias',770,'Apt 77','Derby','PE','Brazil','52010-200','Recife'),
 ('uuid-baddr-078','Av. Domingos Ferreira',780,'Loja 78','Boa Viagem','PE','Brazil','51011-050','Recife'),
 ('uuid-baddr-079','Rua Tuiuti',790,'Sala 79','Tatuapé','SP','Brazil','03081-001','São Paulo'),
 ('uuid-baddr-080','Av. Dom Pedro I',800,'Apt 80','Centro','AM','Brazil','69025-030','Manaus'),
 ('uuid-baddr-081','Rua Tenente Silveira',810,'Loja 81','Centro','SC','Brazil','88010-301','Florianópolis'),
 ('uuid-baddr-082','Av. Bom Conselho',820,'Sala 82','Monte Serrat','BA','Brazil','40255-000','Salvador'),
 ('uuid-baddr-083','Rua Guilhermina Guinle',830,'Apt 83','Botafogo','RJ','Brazil','22270-060','Rio de Janeiro'),
 ('uuid-baddr-084','Av. Sabiaguaba',840,'Bloco I','Sabiaguaba','CE','Brazil','60821-120','Fortaleza'),
 ('uuid-baddr-085','Rua Formosa',850,'Loja 85','Centro','SP','Brazil','01049-000','São Paulo'),
 ('uuid-baddr-086','Av. Afonso Pena',860,'Sala 86','Campo Grande','MS','Brazil','79002-074','Campo Grande'),
 ('uuid-baddr-087','Rua Alvarenga Peixoto',870,'Apt 87','Lourdes','MG','Brazil','30180-120','Belo Horizonte'),
 ('uuid-baddr-088','Av. Tancredo Neves',880,'Loja 88','Caminho das Árvores','BA','Brazil','41820-020','Salvador'),
 ('uuid-baddr-089','Rua das Nações',890,'Sala 89','Centro','PR','Brazil','85851-000','Foz do Iguaçu'),
 ('uuid-baddr-090','Av. Coronel Marcos',900,'Apt 90','Boa Vista','RR','Brazil','69304-000','Boa Vista'),
 ('uuid-baddr-091','Rua Pedro Ivo',910,'Loja 91','Centro','SC','Brazil','88020-120','Florianópolis'),
 ('uuid-baddr-092','Av. Brigadeiro Faria Lima',920,'Sala 92','Itaim Bibi','SP','Brazil','01452-001','São Paulo'),
 ('uuid-baddr-093','Rua General Polidoro',930,'Apt 93','Botafogo','RJ','Brazil','22280-050','Rio de Janeiro'),
 ('uuid-baddr-094','Av. Amazonas',940,'Bloco J','Gameleira','MG','Brazil','30180-001','Belo Horizonte'),
 ('uuid-baddr-095','Rua São Paulo',950,'Loja 95','Savassi','MG','Brazil','30170-130','Belo Horizonte'),
 ('uuid-baddr-096','Av. Iguaçu',960,'Sala 96','Rebouças','PR','Brazil','80230-020','Curitiba'),
 ('uuid-baddr-097','Rua Visconde de Nácar',970,'Apt 97','Centro','PR','Brazil','80410-201','Curitiba'),
 ('uuid-baddr-098','Av. Mauá',980,'Loja 98','Centro Histórico','RS','Brazil','90030-080','Porto Alegre'),
 ('uuid-baddr-099','Rua Costa Rica',990,'Sala 99','Morumbi','SP','Brazil','05690-010','São Paulo'),
 ('uuid-baddr-100','Av. General Osório',1000,'Apt 100','Ipanema','RJ','Brazil','22420-010','Rio de Janeiro');

INSERT INTO tb_branches_address (id) VALUES
 ('uuid-baddr-001'),('uuid-baddr-002'),('uuid-baddr-003'),('uuid-baddr-004'),('uuid-baddr-005'),
 ('uuid-baddr-006'),('uuid-baddr-007'),('uuid-baddr-008'),('uuid-baddr-009'),('uuid-baddr-010'),
 ('uuid-baddr-011'),('uuid-baddr-012'),('uuid-baddr-013'),('uuid-baddr-014'),('uuid-baddr-015'),
 ('uuid-baddr-016'),('uuid-baddr-017'),('uuid-baddr-018'),('uuid-baddr-019'),('uuid-baddr-020'),
 ('uuid-baddr-021'),('uuid-baddr-022'),('uuid-baddr-023'),('uuid-baddr-024'),('uuid-baddr-025'),
 ('uuid-baddr-026'),('uuid-baddr-027'),('uuid-baddr-028'),('uuid-baddr-029'),('uuid-baddr-030'),
 ('uuid-baddr-031'),('uuid-baddr-032'),('uuid-baddr-033'),('uuid-baddr-034'),('uuid-baddr-035'),
 ('uuid-baddr-036'),('uuid-baddr-037'),('uuid-baddr-038'),('uuid-baddr-039'),('uuid-baddr-040'),
 ('uuid-baddr-041'),('uuid-baddr-042'),('uuid-baddr-043'),('uuid-baddr-044'),('uuid-baddr-045'),
 ('uuid-baddr-046'),('uuid-baddr-047'),('uuid-baddr-048'),('uuid-baddr-049'),('uuid-baddr-050'),
 ('uuid-baddr-051'),('uuid-baddr-052'),('uuid-baddr-053'),('uuid-baddr-054'),('uuid-baddr-055'),
 ('uuid-baddr-056'),('uuid-baddr-057'),('uuid-baddr-058'),('uuid-baddr-059'),('uuid-baddr-060'),
 ('uuid-baddr-061'),('uuid-baddr-062'),('uuid-baddr-063'),('uuid-baddr-064'),('uuid-baddr-065'),
 ('uuid-baddr-066'),('uuid-baddr-067'),('uuid-baddr-068'),('uuid-baddr-069'),('uuid-baddr-070'),
 ('uuid-baddr-071'),('uuid-baddr-072'),('uuid-baddr-073'),('uuid-baddr-074'),('uuid-baddr-075'),
 ('uuid-baddr-076'),('uuid-baddr-077'),('uuid-baddr-078'),('uuid-baddr-079'),('uuid-baddr-080'),
 ('uuid-baddr-081'),('uuid-baddr-082'),('uuid-baddr-083'),('uuid-baddr-084'),('uuid-baddr-085'),
 ('uuid-baddr-086'),('uuid-baddr-087'),('uuid-baddr-088'),('uuid-baddr-089'),('uuid-baddr-090'),
 ('uuid-baddr-091'),('uuid-baddr-092'),('uuid-baddr-093'),('uuid-baddr-094'),('uuid-baddr-095'),
 ('uuid-baddr-096'),('uuid-baddr-097'),('uuid-baddr-098'),('uuid-baddr-099'),('uuid-baddr-100');

-- ==========================================
-- 2. BRANCHES (100)
-- ==========================================
INSERT INTO tb_branches (id, name, branch_address_id, phone_number, email, manager_name, opening_hours, branch_type, status, created_at, updated_at) VALUES
 ('uuid-branch-001','Filial São Paulo Centro','uuid-baddr-001','(11) 3001-0001','sp.centro@dealer.com','Carlos Silva','8:00-18:00','Dealership','Active','2020-01-10','2024-01-10'),
 ('uuid-branch-002','Filial Rio Centro','uuid-baddr-002','(21) 3001-0002','rio.centro@dealer.com','Ana Souza','8:00-18:00','Dealership','Active','2020-02-15','2024-02-15'),
 ('uuid-branch-003','Filial Curitiba','uuid-baddr-003','(41) 3001-0003','curitiba@dealer.com','Pedro Santos','8:00-18:00','Dealership','Active','2020-03-20','2024-03-20'),
 ('uuid-branch-004','Filial Florianópolis','uuid-baddr-004','(48) 3001-0004','floripa@dealer.com','Maria Lima','9:00-18:00','ServiceCenter','Active','2020-04-01','2024-04-01'),
 ('uuid-branch-005','Filial SP Consolação','uuid-baddr-005','(11) 3001-0005','sp.consolacao@dealer.com','José Oliveira','8:00-18:00','Dealership','Active','2020-05-10','2024-05-10'),
 ('uuid-branch-006','Filial Rio Copacabana','uuid-baddr-006','(21) 3001-0006','rio.copa@dealer.com','Fernanda Costa','9:00-18:00','Dealership','Active','2020-06-15','2024-06-15'),
 ('uuid-branch-007','Filial Salvador','uuid-baddr-007','(71) 3001-0007','salvador@dealer.com','Roberto Alves','8:00-18:00','Dealership','Active','2020-07-20','2024-07-20'),
 ('uuid-branch-008','Filial BH Centro','uuid-baddr-008','(31) 3001-0008','bh.centro@dealer.com','Luciana Pereira','8:00-17:00','ServiceCenter','Active','2020-08-01','2024-08-01'),
 ('uuid-branch-009','Filial Recife','uuid-baddr-009','(81) 3001-0009','recife@dealer.com','Diego Ferreira','8:00-18:00','Dealership','Active','2020-09-10','2024-09-10'),
 ('uuid-branch-010','Filial Fortaleza','uuid-baddr-010','(85) 3001-0010','fortaleza@dealer.com','Camila Rodrigues','8:00-18:00','Dealership','Active','2020-10-15','2024-10-15'),
 ('uuid-branch-011','Filial Recife Boa Viagem','uuid-baddr-011','(81) 3001-0011','recife.boaviagem@dealer.com','Marcos Nascimento','9:00-18:00','Dealership','Active','2020-11-20','2024-11-20'),
 ('uuid-branch-012','Filial São Luís','uuid-baddr-012','(98) 3001-0012','saoluis@dealer.com','Patrícia Barbosa','8:00-18:00','Dealership','Active','2020-12-01','2024-12-01'),
 ('uuid-branch-013','Filial SP Sé','uuid-baddr-013','(11) 3001-0013','sp.se@dealer.com','Thiago Martins','8:00-17:00','ServiceCenter','Active','2021-01-10','2024-01-10'),
 ('uuid-branch-014','Filial RJ Centro','uuid-baddr-014','(21) 3001-0014','rj.centro@dealer.com','Juliana Araújo','8:00-18:00','Dealership','Active','2021-02-15','2024-02-15'),
 ('uuid-branch-015','Filial Porto Alegre','uuid-baddr-015','(51) 3001-0015','poa@dealer.com','Ricardo Gomes','8:00-18:00','Dealership','Active','2021-03-20','2024-03-20'),
 ('uuid-branch-016','Filial Manaus','uuid-baddr-016','(92) 3001-0016','manaus@dealer.com','Sandra Mendes','9:00-18:00','Dealership','Active','2021-04-01','2024-04-01'),
 ('uuid-branch-017','Filial SP Augusta','uuid-baddr-017','(11) 3001-0017','sp.augusta@dealer.com','Leonardo Freitas','8:00-18:00','Dealership','Inactive','2021-05-10','2024-05-10'),
 ('uuid-branch-018','Filial Fortaleza Aldeota','uuid-baddr-018','(85) 3001-0018','fortaleza.aldeota@dealer.com','Aline Carvalho','8:00-18:00','Dealership','Active','2021-06-15','2024-06-15'),
 ('uuid-branch-019','Filial Juiz de Fora','uuid-baddr-019','(32) 3001-0019','jf@dealer.com','Bruno Teixeira','8:00-17:00','ServiceCenter','Active','2021-07-20','2024-07-20'),
 ('uuid-branch-020','Filial POA Independência','uuid-baddr-020','(51) 3001-0020','poa.independencia@dealer.com','Cristiane Rocha','8:00-18:00','Dealership','Active','2021-08-01','2024-08-01'),
 ('uuid-branch-021','Filial RJ Ouvidor','uuid-baddr-021','(21) 3001-0021','rj.ouvidor@dealer.com','Gustavo Pinto','9:00-18:00','Dealership','Active','2021-09-10','2024-09-10'),
 ('uuid-branch-022','Filial SP Pinheiros','uuid-baddr-022','(11) 3001-0022','sp.pinheiros@dealer.com','Vanessa Moreira','8:00-18:00','Dealership','Active','2021-10-15','2024-10-15'),
 ('uuid-branch-023','Filial Curitiba Centro','uuid-baddr-023','(41) 3001-0023','cwb.centro@dealer.com','Paulo Ribeiro','8:00-17:00','ServiceCenter','Active','2021-11-20','2024-11-20'),
 ('uuid-branch-024','Filial Fortaleza Carlos Gomes','uuid-baddr-024','(85) 3001-0024','fortaleza.cg@dealer.com','Tatiana Azevedo','8:00-18:00','Dealership','Active','2021-12-01','2024-12-01'),
 ('uuid-branch-025','Filial POA Saldanha','uuid-baddr-025','(51) 3001-0025','poa.saldanha@dealer.com','Rodrigo Cavalcanti','8:00-18:00','Dealership','Active','2022-01-10','2024-01-10'),
 ('uuid-branch-026','Filial RJ Rio Branco','uuid-baddr-026','(21) 3001-0026','rj.riobranco@dealer.com','Isabela Monteiro','9:00-18:00','Dealership','Active','2022-02-15','2024-02-15'),
 ('uuid-branch-027','Filial SP Boa Vista','uuid-baddr-027','(11) 3001-0027','sp.boavista@dealer.com','Felipe Vieira','8:00-18:00','Dealership','Inactive','2022-03-20','2024-03-20'),
 ('uuid-branch-028','Filial Salvador Cidade Nova','uuid-baddr-028','(71) 3001-0028','salvador.cn@dealer.com','Daniela Cunha','8:00-17:00','ServiceCenter','Active','2022-04-01','2024-04-01'),
 ('uuid-branch-029','Filial RJ Ipanema','uuid-baddr-029','(21) 3001-0029','rj.ipanema@dealer.com','Eduardo Dias','8:00-18:00','Dealership','Active','2022-05-10','2024-05-10'),
 ('uuid-branch-030','Filial BH Contorno','uuid-baddr-030','(31) 3001-0030','bh.contorno@dealer.com','Mariana Faria','8:00-18:00','Dealership','Active','2022-06-15','2024-06-15'),
 ('uuid-branch-031','Filial Goiânia','uuid-baddr-031','(62) 3001-0031','goiania@dealer.com','Sandro Brito','9:00-18:00','Dealership','Active','2022-07-20','2024-07-20'),
 ('uuid-branch-032','Filial Fortaleza Meireles','uuid-baddr-032','(85) 3001-0032','fortaleza.meireles@dealer.com','Claudia Machado','8:00-18:00','Dealership','Active','2022-08-01','2024-08-01'),
 ('uuid-branch-033','Filial Blumenau','uuid-baddr-033','(47) 3001-0033','blumenau@dealer.com','Alexandre Lima','8:00-17:00','ServiceCenter','Active','2022-09-10','2024-09-10'),
 ('uuid-branch-034','Filial SP Vila Mariana','uuid-baddr-034','(11) 3001-0034','sp.vilamariana@dealer.com','Natália Castro','8:00-18:00','Dealership','Active','2022-10-15','2024-10-15'),
 ('uuid-branch-035','Filial Campo Grande','uuid-baddr-035','(67) 3001-0035','campogrande@dealer.com','Vinicius Ramos','8:00-18:00','Dealership','Active','2022-11-20','2024-11-20'),
 ('uuid-branch-036','Filial Teresina','uuid-baddr-036','(86) 3001-0036','teresina@dealer.com','Bianca Cardoso','9:00-18:00','Dealership','Inactive','2022-12-01','2024-12-01'),
 ('uuid-branch-037','Filial Natal','uuid-baddr-037','(84) 3001-0037','natal@dealer.com','Henrique Lopes','8:00-18:00','Dealership','Active','2023-01-10','2024-01-10'),
 ('uuid-branch-038','Filial Cuiabá','uuid-baddr-038','(65) 3001-0038','cuiaba@dealer.com','Priscila Santana','8:00-18:00','Dealership','Active','2023-02-15','2024-02-15'),
 ('uuid-branch-039','Filial SP Pinheiros II','uuid-baddr-039','(11) 3001-0039','sp.pinheiros2@dealer.com','Leandro Medeiros','8:00-17:00','ServiceCenter','Active','2023-03-20','2024-03-20'),
 ('uuid-branch-040','Filial Aracaju','uuid-baddr-040','(79) 3001-0040','aracaju@dealer.com','Rafaela Nunes','8:00-18:00','Dealership','Active','2023-04-01','2024-04-01'),
 ('uuid-branch-041','Filial SP São Bento','uuid-baddr-041','(11) 3001-0041','sp.saobento@dealer.com','Thales Peixoto','9:00-18:00','Dealership','Active','2023-05-10','2024-05-10'),
 ('uuid-branch-042','Filial Belém','uuid-baddr-042','(91) 3001-0042','belem@dealer.com','Larissa Queiroz','8:00-18:00','Dealership','Active','2023-06-15','2024-06-15'),
 ('uuid-branch-043','Filial RJ Almirante','uuid-baddr-043','(21) 3001-0043','rj.almirante@dealer.com','Victor Sampaio','8:00-17:00','ServiceCenter','Active','2023-07-20','2024-07-20'),
 ('uuid-branch-044','Filial RJ Maracanã','uuid-baddr-044','(21) 3001-0044','rj.maracana@dealer.com','Elaine Moura','8:00-18:00','Dealership','Active','2023-08-01','2024-08-01'),
 ('uuid-branch-045','Filial POA Rosário','uuid-baddr-045','(51) 3001-0045','poa.rosario@dealer.com','Fernando Nogueira','8:00-18:00','Dealership','Active','2023-09-10','2024-09-10'),
 ('uuid-branch-046','Filial Fortaleza Francisco Sá','uuid-baddr-046','(85) 3001-0046','fortaleza.fs@dealer.com','Beatriz Pacheco','9:00-18:00','Dealership','Active','2023-10-15','2024-10-15'),
 ('uuid-branch-047','Filial Maringá','uuid-baddr-047','(44) 3001-0047','maringa@dealer.com','Gabriel Bastos','8:00-18:00','Dealership','Active','2023-11-20','2024-11-20'),
 ('uuid-branch-048','Filial João Pessoa','uuid-baddr-048','(83) 3001-0048','joaopessoa@dealer.com','Helena Correia','8:00-17:00','ServiceCenter','Active','2023-12-01','2024-12-01'),
 ('uuid-branch-049','Filial Natal Felipe Camarão','uuid-baddr-049','(84) 3001-0049','natal.fc@dealer.com','Igor Andrade','8:00-18:00','Dealership','Active','2024-01-10','2024-01-10'),
 ('uuid-branch-050','Filial Goiânia II','uuid-baddr-050','(62) 3001-0050','goiania2@dealer.com','Jéssica Torres','8:00-18:00','Dealership','Active','2024-02-15','2024-02-15'),
 ('uuid-branch-051','Filial Itabira','uuid-baddr-051','(31) 3001-0051','itabira@dealer.com','Klaus Fonseca','9:00-18:00','Dealership','Active','2024-03-20','2024-03-20'),
 ('uuid-branch-052','Filial Natal Lagoa Nova','uuid-baddr-052','(84) 3001-0052','natal.ln@dealer.com','Laura Almeida','8:00-18:00','Dealership','Inactive','2024-04-01','2024-04-01'),
 ('uuid-branch-053','Filial Florianópolis II','uuid-baddr-053','(48) 3001-0053','floripa2@dealer.com','Mauricio Campos','8:00-17:00','ServiceCenter','Active','2024-05-10','2024-05-10'),
 ('uuid-branch-054','Filial Recife Pina','uuid-baddr-054','(81) 3001-0054','recife.pina@dealer.com','Nadia Ribeiro','8:00-18:00','Dealership','Active','2024-06-15','2024-06-15'),
 ('uuid-branch-055','Filial RJ Botafogo','uuid-baddr-055','(21) 3001-0055','rj.botafogo@dealer.com','Otavio Guimarães','8:00-18:00','Dealership','Active','2024-07-20','2024-07-20'),
 ('uuid-branch-056','Filial Caxias do Sul','uuid-baddr-056','(54) 3001-0056','caxias@dealer.com','Paola Henrique','9:00-18:00','Dealership','Active','2024-08-01','2024-08-01'),
 ('uuid-branch-057','Filial BH Funcionários','uuid-baddr-057','(31) 3001-0057','bh.func@dealer.com','Quintino Xavier','8:00-18:00','Dealership','Active','2024-09-10','2024-09-10'),
 ('uuid-branch-058','Filial Fortaleza Campos Sales','uuid-baddr-058','(85) 3001-0058','fortaleza.cs@dealer.com','Renata Amaral','8:00-17:00','ServiceCenter','Active','2024-10-15','2024-10-15'),
 ('uuid-branch-059','Filial BH Lourdes','uuid-baddr-059','(31) 3001-0059','bh.lourdes@dealer.com','Sérgio Mello','8:00-18:00','Dealership','Active','2024-11-20','2024-11-20'),
 ('uuid-branch-060','Filial RJ Copacabana','uuid-baddr-060','(21) 3001-0060','rj.copacabana@dealer.com','Tatiane Barros','8:00-18:00','Dealership','Active','2024-12-01','2024-12-01'),
 ('uuid-branch-061','Filial BH Savassi','uuid-baddr-061','(31) 3001-0061','bh.savassi@dealer.com','Ulisses Sousa','9:00-18:00','Dealership','Active','2023-01-15','2024-01-15'),
 ('uuid-branch-062','Filial Salvador Garcia','uuid-baddr-062','(71) 3001-0062','salvador.garcia@dealer.com','Viviane Assis','8:00-18:00','Dealership','Active','2023-02-20','2024-02-20'),
 ('uuid-branch-063','Filial SP Campos Elísios','uuid-baddr-063','(11) 3001-0063','sp.camposelisios@dealer.com','Wilson Rezende','8:00-17:00','ServiceCenter','Active','2023-03-25','2024-03-25'),
 ('uuid-branch-064','Filial Salvador Cabula','uuid-baddr-064','(71) 3001-0064','salvador.cabula@dealer.com','Ximena Vasconcelos','8:00-18:00','Dealership','Active','2023-04-30','2024-04-30'),
 ('uuid-branch-065','Filial BH Barreiro','uuid-baddr-065','(31) 3001-0065','bh.barreiro@dealer.com','Yara Muniz','8:00-18:00','Dealership','Inactive','2023-05-05','2024-05-05'),
 ('uuid-branch-066','Filial POA Praia de Belas','uuid-baddr-066','(51) 3001-0066','poa.praiadebelas@dealer.com','Zeca Florêncio','9:00-18:00','Dealership','Active','2023-06-10','2024-06-10'),
 ('uuid-branch-067','Filial Vitória','uuid-baddr-067','(27) 3001-0067','vitoria@dealer.com','André Batista','8:00-18:00','Dealership','Active','2023-07-15','2024-07-15'),
 ('uuid-branch-068','Filial Vitória II','uuid-baddr-068','(27) 3001-0068','vitoria2@dealer.com','Bruna Macedo','8:00-17:00','ServiceCenter','Active','2023-08-20','2024-08-20'),
 ('uuid-branch-069','Filial RJ Rio Comprido','uuid-baddr-069','(21) 3001-0069','rj.riocomprido@dealer.com','Célio Bernardes','8:00-18:00','Dealership','Active','2023-09-25','2024-09-25'),
 ('uuid-branch-070','Filial POA Menino Deus','uuid-baddr-070','(51) 3001-0070','poa.meninodeus@dealer.com','Débora Valente','8:00-18:00','Dealership','Active','2023-10-30','2024-10-30'),
 ('uuid-branch-071','Filial SP Pinheiros III','uuid-baddr-071','(11) 3001-0071','sp.pinheiros3@dealer.com','Erica Chaves','9:00-18:00','Dealership','Active','2023-11-05','2024-11-05'),
 ('uuid-branch-072','Filial RJ Leblon','uuid-baddr-072','(21) 3001-0072','rj.leblon@dealer.com','Fábio Neto','8:00-18:00','Dealership','Active','2023-12-10','2024-12-10'),
 ('uuid-branch-073','Filial SP Cerqueira César','uuid-baddr-073','(11) 3001-0073','sp.cerqueiracesar@dealer.com','Gisele Paiva','8:00-17:00','ServiceCenter','Active','2022-01-15','2024-01-15'),
 ('uuid-branch-074','Filial Recife Iputinga','uuid-baddr-074','(81) 3001-0074','recife.iputinga@dealer.com','Hélio Siqueira','8:00-18:00','Dealership','Active','2022-02-20','2024-02-20'),
 ('uuid-branch-075','Filial RJ Centro II','uuid-baddr-075','(21) 3001-0075','rj.centro2@dealer.com','Ingrid Tavares','8:00-18:00','Dealership','Active','2022-03-25','2024-03-25'),
 ('uuid-branch-076','Filial Goiânia Aeroporto','uuid-baddr-076','(62) 3001-0076','goiania.aero@dealer.com','Jair Leite','9:00-18:00','Dealership','Active','2022-04-30','2024-04-30'),
 ('uuid-branch-077','Filial Recife Derby','uuid-baddr-077','(81) 3001-0077','recife.derby@dealer.com','Kelly Figueiredo','8:00-18:00','Dealership','Inactive','2022-05-05','2024-05-05'),
 ('uuid-branch-078','Filial Recife Boa Viagem II','uuid-baddr-078','(81) 3001-0078','recife.bv2@dealer.com','Lúcio Duarte','8:00-17:00','ServiceCenter','Active','2022-06-10','2024-06-10'),
 ('uuid-branch-079','Filial SP Tatuapé','uuid-baddr-079','(11) 3001-0079','sp.tatua@dealer.com','Miriam Lacerda','8:00-18:00','Dealership','Active','2022-07-15','2024-07-15'),
 ('uuid-branch-080','Filial Manaus Dom Pedro','uuid-baddr-080','(92) 3001-0080','manaus.dompedro@dealer.com','Nivaldo Rocha','8:00-18:00','Dealership','Active','2022-08-20','2024-08-20'),
 ('uuid-branch-081','Filial Florianópolis III','uuid-baddr-081','(48) 3001-0081','floripa3@dealer.com','Olga Pinheiro','9:00-18:00','Dealership','Active','2022-09-25','2024-09-25'),
 ('uuid-branch-082','Filial Salvador Bom Conselho','uuid-baddr-082','(71) 3001-0082','salvador.bc@dealer.com','Paulo Eugênio','8:00-18:00','Dealership','Active','2022-10-30','2024-10-30'),
 ('uuid-branch-083','Filial RJ Botafogo II','uuid-baddr-083','(21) 3001-0083','rj.botafogo2@dealer.com','Quezia Marques','8:00-17:00','ServiceCenter','Active','2022-11-05','2024-11-05'),
 ('uuid-branch-084','Filial Fortaleza Sabiaguaba','uuid-baddr-084','(85) 3001-0084','fortaleza.sabi@dealer.com','Roberto Filho','8:00-18:00','Dealership','Active','2022-12-10','2024-12-10'),
 ('uuid-branch-085','Filial SP Formosa','uuid-baddr-085','(11) 3001-0085','sp.formosa@dealer.com','Sueli Matos','8:00-18:00','Dealership','Active','2021-01-15','2024-01-15'),
 ('uuid-branch-086','Filial Campo Grande Afonso','uuid-baddr-086','(67) 3001-0086','cg.afonso@dealer.com','Tadeu Cabral','9:00-18:00','Dealership','Active','2021-02-20','2024-02-20'),
 ('uuid-branch-087','Filial BH Alvarenga','uuid-baddr-087','(31) 3001-0087','bh.alvarenga@dealer.com','Ursula Gadelha','8:00-18:00','Dealership','Inactive','2021-03-25','2024-03-25'),
 ('uuid-branch-088','Filial Salvador Tancredo','uuid-baddr-088','(71) 3001-0088','salvador.tn@dealer.com','Vanderlei Prado','8:00-17:00','ServiceCenter','Active','2021-04-30','2024-04-30'),
 ('uuid-branch-089','Filial Foz do Iguaçu','uuid-baddr-089','(45) 3001-0089','foziguacu@dealer.com','Walesca Braga','8:00-18:00','Dealership','Active','2021-05-05','2024-05-05'),
 ('uuid-branch-090','Filial Boa Vista','uuid-baddr-090','(95) 3001-0090','boavista@dealer.com','Xisto Carmo','8:00-18:00','Dealership','Active','2021-06-10','2024-06-10'),
 ('uuid-branch-091','Filial Florianópolis IV','uuid-baddr-091','(48) 3001-0091','floripa4@dealer.com','Yolanda Sena','9:00-18:00','Dealership','Active','2021-07-15','2024-07-15'),
 ('uuid-branch-092','Filial SP Faria Lima','uuid-baddr-092','(11) 3001-0092','sp.farialima@dealer.com','Zuleide Meireles','8:00-18:00','Dealership','Active','2021-08-20','2024-08-20'),
 ('uuid-branch-093','Filial RJ General Polidoro','uuid-baddr-093','(21) 3001-0093','rj.genpolid@dealer.com','Abel Monteiro','8:00-17:00','ServiceCenter','Active','2021-09-25','2024-09-25'),
 ('uuid-branch-094','Filial BH Gameleira','uuid-baddr-094','(31) 3001-0094','bh.gameleira@dealer.com','Benedita Luz','8:00-18:00','Dealership','Active','2021-10-30','2024-10-30'),
 ('uuid-branch-095','Filial BH Savassi II','uuid-baddr-095','(31) 3001-0095','bh.savassi2@dealer.com','Caio Esteves','8:00-18:00','Dealership','Active','2021-11-05','2024-11-05'),
 ('uuid-branch-096','Filial Curitiba Rebouças','uuid-baddr-096','(41) 3001-0096','cwb.reboucas@dealer.com','Dalva Freire','9:00-18:00','Dealership','Active','2021-12-10','2024-12-10'),
 ('uuid-branch-097','Filial Curitiba Visconde','uuid-baddr-097','(41) 3001-0097','cwb.visconde@dealer.com','Edgar Gonçalves','8:00-18:00','Dealership','Active','2020-01-15','2024-01-15'),
 ('uuid-branch-098','Filial POA Mauá','uuid-baddr-098','(51) 3001-0098','poa.maua@dealer.com','Fabiana Werneck','8:00-17:00','ServiceCenter','Active','2020-02-20','2024-02-20'),
 ('uuid-branch-099','Filial SP Morumbi','uuid-baddr-099','(11) 3001-0099','sp.morumbi@dealer.com','Geraldo Basílio','8:00-18:00','Dealership','Active','2020-03-25','2024-03-25'),
 ('uuid-branch-100','Filial RJ Ipanema II','uuid-baddr-100','(21) 3001-0100','rj.ipanema2@dealer.com','Hortência Dias','8:00-18:00','Dealership','Active','2020-04-30','2024-04-30');

-- ==========================================
-- 3. SELLERS (100)
-- ==========================================
INSERT INTO tb_users (id, name, phone, email, password, role, is_account_non_expired, is_account_non_locked, is_credentials_non_expired, is_enabled) VALUES
 ('uuid-sel-001','CARLOS SILVA','(11) 99001-0001','carlos.silva@dealer.com','$2a$10$hash001','SELLER',true,true,true,true),
 ('uuid-sel-002','ANA SOUZA','(21) 99001-0002','ana.souza@dealer.com','$2a$10$hash002','SELLER',true,true,true,true),
 ('uuid-sel-003','PEDRO SANTOS','(41) 99001-0003','pedro.santos@dealer.com','$2a$10$hash003','SELLER',true,true,true,true),
 ('uuid-sel-004','MARIA LIMA','(48) 99001-0004','maria.lima@dealer.com','$2a$10$hash004','SELLER',true,true,true,true),
 ('uuid-sel-005','JOSÉ OLIVEIRA','(11) 99001-0005','jose.oliveira@dealer.com','$2a$10$hash005','SELLER',true,true,true,true),
 ('uuid-sel-006','FERNANDA COSTA','(21) 99001-0006','fernanda.costa@dealer.com','$2a$10$hash006','SELLER',true,true,true,true),
 ('uuid-sel-007','ROBERTO ALVES','(71) 99001-0007','roberto.alves@dealer.com','$2a$10$hash007','SELLER',true,true,true,true),
 ('uuid-sel-008','LUCIANA PEREIRA','(31) 99001-0008','luciana.pereira@dealer.com','$2a$10$hash008','SELLER',true,true,true,true),
 ('uuid-sel-009','DIEGO FERREIRA','(81) 99001-0009','diego.ferreira@dealer.com','$2a$10$hash009','SELLER',true,true,true,true),
 ('uuid-sel-010','CAMILA RODRIGUES','(85) 99001-0010','camila.rodrigues@dealer.com','$2a$10$hash010','SELLER',true,true,true,true),
 ('uuid-sel-011','MARCOS NASCIMENTO','(81) 99001-0011','marcos.nascimento@dealer.com','$2a$10$hash011','SELLER',true,true,true,true),
 ('uuid-sel-012','PATRICIA BARBOSA','(98) 99001-0012','patricia.barbosa@dealer.com','$2a$10$hash012','SELLER',true,true,true,true),
 ('uuid-sel-013','THIAGO MARTINS','(11) 99001-0013','thiago.martins@dealer.com','$2a$10$hash013','SELLER',true,true,true,true),
 ('uuid-sel-014','JULIANA ARAUJO','(21) 99001-0014','juliana.araujo@dealer.com','$2a$10$hash014','SELLER',true,true,true,true),
 ('uuid-sel-015','RICARDO GOMES','(51) 99001-0015','ricardo.gomes@dealer.com','$2a$10$hash015','SELLER',true,true,true,true),
 ('uuid-sel-016','SANDRA MENDES','(92) 99001-0016','sandra.mendes@dealer.com','$2a$10$hash016','SELLER',true,true,true,true),
 ('uuid-sel-017','LEONARDO FREITAS','(11) 99001-0017','leonardo.freitas@dealer.com','$2a$10$hash017','SELLER',true,true,true,true),
 ('uuid-sel-018','ALINE CARVALHO','(85) 99001-0018','aline.carvalho@dealer.com','$2a$10$hash018','SELLER',true,true,true,true),
 ('uuid-sel-019','BRUNO TEIXEIRA','(32) 99001-0019','bruno.teixeira@dealer.com','$2a$10$hash019','SELLER',true,true,true,true),
 ('uuid-sel-020','CRISTIANE ROCHA','(51) 99001-0020','cristiane.rocha@dealer.com','$2a$10$hash020','SELLER',true,true,true,true),
 ('uuid-sel-021','GUSTAVO PINTO','(21) 99001-0021','gustavo.pinto@dealer.com','$2a$10$hash021','SELLER',true,true,true,true),
 ('uuid-sel-022','VANESSA MOREIRA','(11) 99001-0022','vanessa.moreira@dealer.com','$2a$10$hash022','SELLER',true,true,true,true),
 ('uuid-sel-023','PAULO RIBEIRO','(41) 99001-0023','paulo.ribeiro@dealer.com','$2a$10$hash023','SELLER',true,true,true,true),
 ('uuid-sel-024','TATIANA AZEVEDO','(85) 99001-0024','tatiana.azevedo@dealer.com','$2a$10$hash024','SELLER',true,true,true,true),
 ('uuid-sel-025','RODRIGO CAVALCANTI','(51) 99001-0025','rodrigo.cavalcanti@dealer.com','$2a$10$hash025','SELLER',true,true,true,true),
 ('uuid-sel-026','ISABELA MONTEIRO','(21) 99001-0026','isabela.monteiro@dealer.com','$2a$10$hash026','SELLER',true,true,true,true),
 ('uuid-sel-027','FELIPE VIEIRA','(11) 99001-0027','felipe.vieira@dealer.com','$2a$10$hash027','SELLER',true,true,true,true),
 ('uuid-sel-028','DANIELA CUNHA','(71) 99001-0028','daniela.cunha@dealer.com','$2a$10$hash028','SELLER',true,true,true,true),
 ('uuid-sel-029','EDUARDO DIAS','(21) 99001-0029','eduardo.dias@dealer.com','$2a$10$hash029','SELLER',true,true,true,true),
 ('uuid-sel-030','MARIANA FARIA','(31) 99001-0030','mariana.faria@dealer.com','$2a$10$hash030','SELLER',true,true,true,true),
 ('uuid-sel-031','SANDRO BRITO','(62) 99001-0031','sandro.brito@dealer.com','$2a$10$hash031','SELLER',true,true,true,true),
 ('uuid-sel-032','CLAUDIA MACHADO','(85) 99001-0032','claudia.machado@dealer.com','$2a$10$hash032','SELLER',true,true,true,true),
 ('uuid-sel-033','ALEXANDRE LIMA','(47) 99001-0033','alexandre.lima@dealer.com','$2a$10$hash033','SELLER',true,true,true,true),
 ('uuid-sel-034','NATALIA CASTRO','(11) 99001-0034','natalia.castro@dealer.com','$2a$10$hash034','SELLER',true,true,true,true),
 ('uuid-sel-035','VINICIUS RAMOS','(67) 99001-0035','vinicius.ramos@dealer.com','$2a$10$hash035','SELLER',true,true,true,true),
 ('uuid-sel-036','BIANCA CARDOSO','(86) 99001-0036','bianca.cardoso@dealer.com','$2a$10$hash036','SELLER',true,true,true,true),
 ('uuid-sel-037','HENRIQUE LOPES','(84) 99001-0037','henrique.lopes@dealer.com','$2a$10$hash037','SELLER',true,true,true,true),
 ('uuid-sel-038','PRISCILA SANTANA','(65) 99001-0038','priscila.santana@dealer.com','$2a$10$hash038','SELLER',true,true,true,true),
 ('uuid-sel-039','LEANDRO MEDEIROS','(11) 99001-0039','leandro.medeiros@dealer.com','$2a$10$hash039','SELLER',true,true,true,true),
 ('uuid-sel-040','RAFAELA NUNES','(79) 99001-0040','rafaela.nunes@dealer.com','$2a$10$hash040','SELLER',true,true,true,true),
 ('uuid-sel-041','THALES PEIXOTO','(11) 99001-0041','thales.peixoto@dealer.com','$2a$10$hash041','SELLER',true,true,true,true),
 ('uuid-sel-042','LARISSA QUEIROZ','(91) 99001-0042','larissa.queiroz@dealer.com','$2a$10$hash042','SELLER',true,true,true,true),
 ('uuid-sel-043','VICTOR SAMPAIO','(21) 99001-0043','victor.sampaio@dealer.com','$2a$10$hash043','SELLER',true,true,true,true),
 ('uuid-sel-044','ELAINE MOURA','(21) 99001-0044','elaine.moura@dealer.com','$2a$10$hash044','SELLER',true,true,true,true),
 ('uuid-sel-045','FERNANDO NOGUEIRA','(51) 99001-0045','fernando.nogueira@dealer.com','$2a$10$hash045','SELLER',true,true,true,true),
 ('uuid-sel-046','BEATRIZ PACHECO','(85) 99001-0046','beatriz.pacheco@dealer.com','$2a$10$hash046','SELLER',true,true,true,true),
 ('uuid-sel-047','GABRIEL BASTOS','(44) 99001-0047','gabriel.bastos@dealer.com','$2a$10$hash047','SELLER',true,true,true,true),
 ('uuid-sel-048','HELENA CORREIA','(83) 99001-0048','helena.correia@dealer.com','$2a$10$hash048','SELLER',true,true,true,true),
 ('uuid-sel-049','IGOR ANDRADE','(84) 99001-0049','igor.andrade@dealer.com','$2a$10$hash049','SELLER',true,true,true,true),
 ('uuid-sel-050','JESSICA TORRES','(62) 99001-0050','jessica.torres@dealer.com','$2a$10$hash050','SELLER',true,true,true,true),
 ('uuid-sel-051','KLAUS FONSECA','(31) 99001-0051','klaus.fonseca@dealer.com','$2a$10$hash051','SELLER',true,true,true,true),
 ('uuid-sel-052','LAURA ALMEIDA','(84) 99001-0052','laura.almeida@dealer.com','$2a$10$hash052','SELLER',true,true,true,true),
 ('uuid-sel-053','MAURICIO CAMPOS','(48) 99001-0053','mauricio.campos@dealer.com','$2a$10$hash053','SELLER',true,true,true,true),
 ('uuid-sel-054','NADIA RIBEIRO','(81) 99001-0054','nadia.ribeiro@dealer.com','$2a$10$hash054','SELLER',true,true,true,true),
 ('uuid-sel-055','OTAVIO GUIMARAES','(21) 99001-0055','otavio.guimaraes@dealer.com','$2a$10$hash055','SELLER',true,true,true,true),
 ('uuid-sel-056','PAOLA HENRIQUE','(54) 99001-0056','paola.henrique@dealer.com','$2a$10$hash056','SELLER',true,true,true,true),
 ('uuid-sel-057','QUINTINO XAVIER','(31) 99001-0057','quintino.xavier@dealer.com','$2a$10$hash057','SELLER',true,true,true,true),
 ('uuid-sel-058','RENATA AMARAL','(85) 99001-0058','renata.amaral@dealer.com','$2a$10$hash058','SELLER',true,true,true,true),
 ('uuid-sel-059','SERGIO MELLO','(31) 99001-0059','sergio.mello@dealer.com','$2a$10$hash059','SELLER',true,true,true,true),
 ('uuid-sel-060','TATIANE BARROS','(21) 99001-0060','tatiane.barros@dealer.com','$2a$10$hash060','SELLER',true,true,true,true),
 ('uuid-sel-061','ULISSES SOUSA','(31) 99001-0061','ulisses.sousa@dealer.com','$2a$10$hash061','SELLER',true,true,true,true),
 ('uuid-sel-062','VIVIANE ASSIS','(71) 99001-0062','viviane.assis@dealer.com','$2a$10$hash062','SELLER',true,true,true,true),
 ('uuid-sel-063','WILSON REZENDE','(11) 99001-0063','wilson.rezende@dealer.com','$2a$10$hash063','SELLER',true,true,true,true),
 ('uuid-sel-064','XIMENA VASCONCELOS','(71) 99001-0064','ximena.vasconcelos@dealer.com','$2a$10$hash064','SELLER',true,true,true,true),
 ('uuid-sel-065','YARA MUNIZ','(31) 99001-0065','yara.muniz@dealer.com','$2a$10$hash065','SELLER',true,true,true,true),
 ('uuid-sel-066','ZECA FLORENCIO','(51) 99001-0066','zeca.florencio@dealer.com','$2a$10$hash066','SELLER',true,true,true,true),
 ('uuid-sel-067','ANDRE BATISTA','(27) 99001-0067','andre.batista@dealer.com','$2a$10$hash067','SELLER',true,true,true,true),
 ('uuid-sel-068','BRUNA MACEDO','(27) 99001-0068','bruna.macedo@dealer.com','$2a$10$hash068','SELLER',true,true,true,true),
 ('uuid-sel-069','CELIO BERNARDES','(21) 99001-0069','celio.bernardes@dealer.com','$2a$10$hash069','SELLER',true,true,true,true),
 ('uuid-sel-070','DEBORA VALENTE','(51) 99001-0070','debora.valente@dealer.com','$2a$10$hash070','SELLER',true,true,true,true),
 ('uuid-sel-071','ERICA CHAVES','(11) 99001-0071','erica.chaves@dealer.com','$2a$10$hash071','SELLER',true,true,true,true),
 ('uuid-sel-072','FABIO NETO','(21) 99001-0072','fabio.neto@dealer.com','$2a$10$hash072','SELLER',true,true,true,true),
 ('uuid-sel-073','GISELE PAIVA','(11) 99001-0073','gisele.paiva@dealer.com','$2a$10$hash073','SELLER',true,true,true,true),
 ('uuid-sel-074','HELIO SIQUEIRA','(81) 99001-0074','helio.siqueira@dealer.com','$2a$10$hash074','SELLER',true,true,true,true),
 ('uuid-sel-075','INGRID TAVARES','(21) 99001-0075','ingrid.tavares@dealer.com','$2a$10$hash075','SELLER',true,true,true,true),
 ('uuid-sel-076','JAIR LEITE','(62) 99001-0076','jair.leite@dealer.com','$2a$10$hash076','SELLER',true,true,true,true),
 ('uuid-sel-077','KELLY FIGUEIREDO','(81) 99001-0077','kelly.figueiredo@dealer.com','$2a$10$hash077','SELLER',true,true,true,true),
 ('uuid-sel-078','LUCIO DUARTE','(81) 99001-0078','lucio.duarte@dealer.com','$2a$10$hash078','SELLER',true,true,true,true),
 ('uuid-sel-079','MIRIAM LACERDA','(11) 99001-0079','miriam.lacerda@dealer.com','$2a$10$hash079','SELLER',true,true,true,true),
 ('uuid-sel-080','NIVALDO ROCHA','(92) 99001-0080','nivaldo.rocha@dealer.com','$2a$10$hash080','SELLER',true,true,true,true),
 ('uuid-sel-081','OLGA PINHEIRO','(48) 99001-0081','olga.pinheiro@dealer.com','$2a$10$hash081','SELLER',true,true,true,true),
 ('uuid-sel-082','PAULO EUGENIO','(71) 99001-0082','paulo.eugenio@dealer.com','$2a$10$hash082','SELLER',true,true,true,true),
 ('uuid-sel-083','QUEZIA MARQUES','(21) 99001-0083','quezia.marques@dealer.com','$2a$10$hash083','SELLER',true,true,true,true),
 ('uuid-sel-084','ROBERTO FILHO','(85) 99001-0084','roberto.filho@dealer.com','$2a$10$hash084','SELLER',true,true,true,true),
 ('uuid-sel-085','SUELI MATOS','(11) 99001-0085','sueli.matos@dealer.com','$2a$10$hash085','SELLER',true,true,true,true),
 ('uuid-sel-086','TADEU CABRAL','(67) 99001-0086','tadeu.cabral@dealer.com','$2a$10$hash086','SELLER',true,true,true,true),
 ('uuid-sel-087','URSULA GADELHA','(31) 99001-0087','ursula.gadelha@dealer.com','$2a$10$hash087','SELLER',true,true,true,true),
 ('uuid-sel-088','VANDERLEI PRADO','(71) 99001-0088','vanderlei.prado@dealer.com','$2a$10$hash088','SELLER',true,true,true,true),
 ('uuid-sel-089','WALESCA BRAGA','(45) 99001-0089','walesca.braga@dealer.com','$2a$10$hash089','SELLER',true,true,true,true),
 ('uuid-sel-090','XISTO CARMO','(95) 99001-0090','xisto.carmo@dealer.com','$2a$10$hash090','SELLER',true,true,true,true),
 ('uuid-sel-091','YOLANDA SENA','(48) 99001-0091','yolanda.sena@dealer.com','$2a$10$hash091','SELLER',true,true,true,true),
 ('uuid-sel-092','ZULEIDE MEIRELES','(11) 99001-0092','zuleide.meireles@dealer.com','$2a$10$hash092','SELLER',true,true,true,true),
 ('uuid-sel-093','ABEL MONTEIRO','(21) 99001-0093','abel.monteiro@dealer.com','$2a$10$hash093','SELLER',true,true,true,true),
 ('uuid-sel-094','BENEDITA LUZ','(31) 99001-0094','benedita.luz@dealer.com','$2a$10$hash094','SELLER',true,true,true,true),
 ('uuid-sel-095','CAIO ESTEVES','(31) 99001-0095','caio.esteves@dealer.com','$2a$10$hash095','SELLER',true,true,true,true),
 ('uuid-sel-096','DALVA FREIRE','(41) 99001-0096','dalva.freire@dealer.com','$2a$10$hash096','SELLER',true,true,true,true),
 ('uuid-sel-097','EDGAR GONCALVES','(41) 99001-0097','edgar.goncalves@dealer.com','$2a$10$hash097','SELLER',true,true,true,true),
 ('uuid-sel-098','FABIANA WERNECK','(51) 99001-0098','fabiana.werneck@dealer.com','$2a$10$hash098','SELLER',true,true,true,true),
 ('uuid-sel-099','GERALDO BASILIO','(11) 99001-0099','geraldo.basilio@dealer.com','$2a$10$hash099','SELLER',true,true,true,true),
 ('uuid-sel-100','HORTENCIA DIAS','(21) 99001-0100','hortencia.dias@dealer.com','$2a$10$hash100','SELLER',true,true,true,true);

INSERT INTO tb_sellers (id, hire_date, salary, commission_rate, status) VALUES
('uuid-sel-001','2020-01-10',5200.0,0.05,'Active'),
('uuid-sel-002','2020-02-15',5400.0,0.06,'Active'),
('uuid-sel-003','2020-03-20',5600.0,0.05,'Active'),
('uuid-sel-004','2020-04-01',5100.0,0.07,'Active'),
('uuid-sel-005','2020-05-10',5300.0,0.05,'Inactive'),
('uuid-sel-006','2020-06-15',5500.0,0.06,'Active'),
('uuid-sel-007','2020-07-20',4900.0,0.04,'Active'),
('uuid-sel-008','2020-08-01',6000.0,0.08,'Active'),
('uuid-sel-009','2020-09-10',5200.0,0.05,'Active'),
('uuid-sel-010','2020-10-15',5400.0,0.06,'Active'),
('uuid-sel-011','2020-11-20',4800.0,0.04,'Active'),
('uuid-sel-012','2020-12-01',5700.0,0.07,'Inactive'),
('uuid-sel-013','2021-01-10',5100.0,0.05,'Active'),
('uuid-sel-014','2021-02-15',5300.0,0.06,'Active'),
('uuid-sel-015','2021-03-20',5500.0,0.07,'Active'),
('uuid-sel-016','2021-04-01',5000.0,0.05,'Active'),
('uuid-sel-017','2021-05-10',5200.0,0.05,'Active'),
('uuid-sel-018','2021-06-15',4900.0,0.04,'Active'),
('uuid-sel-019','2021-07-20',6100.0,0.08,'Active'),
('uuid-sel-020','2021-08-01',5400.0,0.06,'Active'),
('uuid-sel-021','2021-09-10',5600.0,0.07,'Inactive'),
('uuid-sel-022','2021-10-15',5100.0,0.05,'Active'),
('uuid-sel-023','2021-11-20',5300.0,0.06,'Active'),
('uuid-sel-024','2021-12-01',5500.0,0.05,'Active'),
('uuid-sel-025','2022-01-10',4800.0,0.04,'Active'),
('uuid-sel-026','2022-02-15',5700.0,0.07,'Active'),
('uuid-sel-027','2022-03-20',5200.0,0.05,'Active'),
('uuid-sel-028','2022-04-01',5400.0,0.06,'Active'),
('uuid-sel-029','2022-05-10',5600.0,0.07,'Active'),
('uuid-sel-030','2022-06-15',5000.0,0.05,'Active'),
('uuid-sel-031','2022-07-20',5200.0,0.05,'Inactive'),
('uuid-sel-032','2022-08-01',4900.0,0.04,'Active'),
('uuid-sel-033','2022-09-10',6200.0,0.08,'Active'),
('uuid-sel-034','2022-10-15',5400.0,0.06,'Active'),
('uuid-sel-035','2022-11-20',5600.0,0.07,'Active'),
('uuid-sel-036','2022-12-01',5100.0,0.05,'Active'),
('uuid-sel-037','2023-01-10',5300.0,0.06,'Active'),
('uuid-sel-038','2023-02-15',5500.0,0.05,'Active'),
('uuid-sel-039','2023-03-20',4800.0,0.04,'Active'),
('uuid-sel-040','2023-04-01',5700.0,0.07,'Active'),
('uuid-sel-041','2023-05-10',5200.0,0.05,'Active'),
('uuid-sel-042','2023-06-15',5400.0,0.06,'Inactive'),
('uuid-sel-043','2023-07-20',5600.0,0.07,'Active'),
('uuid-sel-044','2023-08-01',5000.0,0.05,'Active'),
('uuid-sel-045','2023-09-10',5200.0,0.05,'Active'),
('uuid-sel-046','2023-10-15',4900.0,0.04,'Active'),
('uuid-sel-047','2023-11-20',6300.0,0.08,'Active'),
('uuid-sel-048','2023-12-01',5400.0,0.06,'Active'),
('uuid-sel-049','2024-01-10',5600.0,0.07,'Active'),
('uuid-sel-050','2024-02-15',5100.0,0.05,'Active'),
('uuid-sel-051','2024-03-20',5300.0,0.06,'Active'),
('uuid-sel-052','2024-04-01',5500.0,0.05,'Active'),
('uuid-sel-053','2024-05-10',4800.0,0.04,'Active'),
('uuid-sel-054','2024-06-15',5700.0,0.07,'Active'),
('uuid-sel-055','2024-07-20',5200.0,0.05,'Active'),
('uuid-sel-056','2024-08-01',5400.0,0.06,'Active'),
('uuid-sel-057','2024-09-10',5600.0,0.07,'Active'),
('uuid-sel-058','2024-10-15',5000.0,0.05,'Active'),
('uuid-sel-059','2024-11-20',5200.0,0.05,'Active'),
('uuid-sel-060','2024-12-01',4900.0,0.04,'Active'),
('uuid-sel-061','2020-01-15',6400.0,0.08,'Active'),
('uuid-sel-062','2020-02-20',5400.0,0.06,'Active'),
('uuid-sel-063','2020-03-25',5600.0,0.07,'Inactive'),
('uuid-sel-064','2020-04-30',5100.0,0.05,'Active'),
('uuid-sel-065','2020-05-05',5300.0,0.06,'Active'),
('uuid-sel-066','2020-06-10',5500.0,0.05,'Active'),
('uuid-sel-067','2020-07-15',4800.0,0.04,'Active'),
('uuid-sel-068','2020-08-20',5700.0,0.07,'Active'),
('uuid-sel-069','2020-09-25',5200.0,0.05,'Active'),
('uuid-sel-070','2020-10-30',5400.0,0.06,'Active'),
('uuid-sel-071','2020-11-05',5600.0,0.07,'Active'),
('uuid-sel-072','2020-12-10',5000.0,0.05,'Active'),
('uuid-sel-073','2021-01-15',5200.0,0.05,'Active'),
('uuid-sel-074','2021-02-20',4900.0,0.04,'Active'),
('uuid-sel-075','2021-03-25',6500.0,0.08,'Active'),
('uuid-sel-076','2021-04-30',5400.0,0.06,'Inactive'),
('uuid-sel-077','2021-05-05',5600.0,0.07,'Active'),
('uuid-sel-078','2021-06-10',5100.0,0.05,'Active'),
('uuid-sel-079','2021-07-15',5300.0,0.06,'Active'),
('uuid-sel-080','2021-08-20',5500.0,0.05,'Active'),
('uuid-sel-081','2021-09-25',4800.0,0.04,'Active'),
('uuid-sel-082','2021-10-30',5700.0,0.07,'Active'),
('uuid-sel-083','2021-11-05',5200.0,0.05,'Active'),
('uuid-sel-084','2021-12-10',5400.0,0.06,'Active'),
('uuid-sel-085','2022-01-15',5600.0,0.07,'Active'),
('uuid-sel-086','2022-02-20',5000.0,0.05,'Active'),
('uuid-sel-087','2022-03-25',5200.0,0.05,'Active'),
('uuid-sel-088','2022-04-30',4900.0,0.04,'Active'),
('uuid-sel-089','2022-05-05',6600.0,0.08,'Active'),
('uuid-sel-090','2022-06-10',5400.0,0.06,'Active'),
('uuid-sel-091','2022-07-15',5600.0,0.07,'Inactive'),
('uuid-sel-092','2022-08-20',5100.0,0.05,'Active'),
('uuid-sel-093','2022-09-25',5300.0,0.06,'Active'),
('uuid-sel-094','2022-10-30',5500.0,0.05,'Active'),
('uuid-sel-095','2022-11-05',4800.0,0.04,'Active'),
('uuid-sel-096','2022-12-10',5700.0,0.07,'Active'),
('uuid-sel-097','2023-01-15',5200.0,0.05,'Active'),
('uuid-sel-098','2023-02-20',5400.0,0.06,'Active'),
('uuid-sel-099','2023-03-25',5600.0,0.07,'Active'),
('uuid-sel-100','2023-04-30',5000.0,0.05,'Active');

-- ==========================================
-- 4. CUSTOMER ADDRESSES & CUSTOMERS (100)
-- ==========================================
INSERT INTO tb_addresses (id, street, number, complement, district, state, country, cep, city) VALUES
 ('uuid-caddr-001','Rua das Acácias',101,'Apto 1','Jardins','SP','Brazil','01410-000','São Paulo'),
 ('uuid-caddr-002','Rua das Magnólias',102,'Casa','Tijuca','RJ','Brazil','20521-000','Rio de Janeiro'),
 ('uuid-caddr-003','Rua dos Pinheiros',103,'Apto 2','Água Verde','PR','Brazil','80620-000','Curitiba'),
 ('uuid-caddr-004','Rua das Palmeiras',104,'Casa','Trindade','SC','Brazil','88036-000','Florianópolis'),
 ('uuid-caddr-005','Rua das Orquídeas',105,'Apto 3','Vila Madalena','SP','Brazil','05435-000','São Paulo'),
 ('uuid-caddr-006','Rua dos Jasmins',106,'Casa','Flamengo','RJ','Brazil','22210-000','Rio de Janeiro'),
 ('uuid-caddr-007','Rua das Violetas',107,'Apto 4','Graça','BA','Brazil','40150-000','Salvador'),
 ('uuid-caddr-008','Rua dos Girassóis',108,'Casa','Funcionários','MG','Brazil','30140-000','Belo Horizonte'),
 ('uuid-caddr-009','Rua das Begônias',109,'Apto 5','Boa Viagem','PE','Brazil','51020-000','Recife'),
 ('uuid-caddr-010','Rua dos Cravos',110,'Casa','Meireles','CE','Brazil','60160-000','Fortaleza'),
 ('uuid-caddr-011','Rua das Rosas',111,'Apto 6','Jardins','SP','Brazil','01411-000','São Paulo'),
 ('uuid-caddr-012','Rua dos Lírios',112,'Casa','Tijuca','RJ','Brazil','20530-000','Rio de Janeiro'),
 ('uuid-caddr-013','Rua das Camélias',113,'Apto 7','Água Verde','PR','Brazil','80630-000','Curitiba'),
 ('uuid-caddr-014','Rua dos Coqueiros',114,'Casa','Trindade','SC','Brazil','88037-000','Florianópolis'),
 ('uuid-caddr-015','Rua das Margaridas',115,'Apto 8','Vila Madalena','SP','Brazil','05436-000','São Paulo'),
 ('uuid-caddr-016','Rua dos Ipês',116,'Casa','Flamengo','RJ','Brazil','22211-000','Rio de Janeiro'),
 ('uuid-caddr-017','Rua das Tulipas',117,'Apto 9','Graça','BA','Brazil','40151-000','Salvador'),
 ('uuid-caddr-018','Rua dos Hibiscos',118,'Casa','Funcionários','MG','Brazil','30141-000','Belo Horizonte'),
 ('uuid-caddr-019','Rua das Dálias',119,'Apto 10','Boa Viagem','PE','Brazil','51021-000','Recife'),
 ('uuid-caddr-020','Rua dos Antúrios',120,'Casa','Meireles','CE','Brazil','60161-000','Fortaleza'),
 ('uuid-caddr-021','Rua das Petúnias',121,'Apto 11','Pinheiros','SP','Brazil','05422-000','São Paulo'),
 ('uuid-caddr-022','Rua dos Gerânios',122,'Casa','Leblon','RJ','Brazil','22450-000','Rio de Janeiro'),
 ('uuid-caddr-023','Rua das Azaléias',123,'Apto 12','Batel','PR','Brazil','80420-000','Curitiba'),
 ('uuid-caddr-024','Rua dos Bambus',124,'Casa','Lagoa','SC','Brazil','88062-000','Florianópolis'),
 ('uuid-caddr-025','Rua das Glicínias',125,'Apto 13','Moema','SP','Brazil','04077-000','São Paulo'),
 ('uuid-caddr-026','Rua dos Alecrim',126,'Casa','Botafogo','RJ','Brazil','22280-000','Rio de Janeiro'),
 ('uuid-caddr-027','Rua das Avencas',127,'Apto 14','Vitória','BA','Brazil','40290-000','Salvador'),
 ('uuid-caddr-028','Rua dos Samambaias',128,'Casa','Savassi','MG','Brazil','30170-000','Belo Horizonte'),
 ('uuid-caddr-029','Rua das Bromélias',129,'Apto 15','Aflitos','PE','Brazil','52010-000','Recife'),
 ('uuid-caddr-030','Rua dos Xaxins',130,'Casa','Aldeota','CE','Brazil','60150-000','Fortaleza'),
 ('uuid-caddr-031','Rua das Impatientes',131,'Apto 16','Jardins','SP','Brazil','01412-000','São Paulo'),
 ('uuid-caddr-032','Rua dos Jacarandás',132,'Casa','Tijuca','RJ','Brazil','20540-000','Rio de Janeiro'),
 ('uuid-caddr-033','Rua das Peônias',133,'Apto 17','Água Verde','PR','Brazil','80640-000','Curitiba'),
 ('uuid-caddr-034','Rua dos Eucaliptos',134,'Casa','Trindade','SC','Brazil','88038-000','Florianópolis'),
 ('uuid-caddr-035','Rua das Lavandas',135,'Apto 18','Vila Madalena','SP','Brazil','05437-000','São Paulo'),
 ('uuid-caddr-036','Rua dos Cedros',136,'Casa','Flamengo','RJ','Brazil','22212-000','Rio de Janeiro'),
 ('uuid-caddr-037','Rua das Aveleiras',137,'Apto 19','Graça','BA','Brazil','40152-000','Salvador'),
 ('uuid-caddr-038','Rua dos Carvalhos',138,'Casa','Funcionários','MG','Brazil','30142-000','Belo Horizonte'),
 ('uuid-caddr-039','Rua das Tílias',139,'Apto 20','Boa Viagem','PE','Brazil','51022-000','Recife'),
 ('uuid-caddr-040','Rua dos Plátanos',140,'Casa','Meireles','CE','Brazil','60162-000','Fortaleza'),
 ('uuid-caddr-041','Rua das Figueiras',141,'Apto 21','Pinheiros','SP','Brazil','05423-000','São Paulo'),
 ('uuid-caddr-042','Rua dos Abacateiros',142,'Casa','Leblon','RJ','Brazil','22451-000','Rio de Janeiro'),
 ('uuid-caddr-043','Rua das Mangueiras',143,'Apto 22','Batel','PR','Brazil','80421-000','Curitiba'),
 ('uuid-caddr-044','Rua dos Limoeiros',144,'Casa','Lagoa','SC','Brazil','88063-000','Florianópolis'),
 ('uuid-caddr-045','Rua das Laranjeiras',145,'Apto 23','Moema','SP','Brazil','04078-000','São Paulo'),
 ('uuid-caddr-046','Rua dos Pessegueiros',146,'Casa','Botafogo','RJ','Brazil','22281-000','Rio de Janeiro'),
 ('uuid-caddr-047','Rua das Ameixeiras',147,'Apto 24','Vitória','BA','Brazil','40291-000','Salvador'),
 ('uuid-caddr-048','Rua dos Macieiros',148,'Casa','Savassi','MG','Brazil','30171-000','Belo Horizonte'),
 ('uuid-caddr-049','Rua das Pereiras',149,'Apto 25','Aflitos','PE','Brazil','52011-000','Recife'),
 ('uuid-caddr-050','Rua dos Romãzeiros',150,'Casa','Aldeota','CE','Brazil','60151-000','Fortaleza'),
 ('uuid-caddr-051','Rua das Cerejeiras',151,'Apto 26','Jardins','SP','Brazil','01413-000','São Paulo'),
 ('uuid-caddr-052','Rua dos Ciprestes',152,'Casa','Tijuca','RJ','Brazil','20550-000','Rio de Janeiro'),
 ('uuid-caddr-053','Rua das Araucárias',153,'Apto 27','Água Verde','PR','Brazil','80650-000','Curitiba'),
 ('uuid-caddr-054','Rua dos Pinheiros',154,'Casa','Trindade','SC','Brazil','88039-000','Florianópolis'),
 ('uuid-caddr-055','Rua das Oliveiras',155,'Apto 28','Vila Madalena','SP','Brazil','05438-000','São Paulo'),
 ('uuid-caddr-056','Rua dos Nogueiros',156,'Casa','Flamengo','RJ','Brazil','22213-000','Rio de Janeiro'),
 ('uuid-caddr-057','Rua das Castanheiras',157,'Apto 29','Graça','BA','Brazil','40153-000','Salvador'),
 ('uuid-caddr-058','Rua dos Amendoeiros',158,'Casa','Funcionários','MG','Brazil','30143-000','Belo Horizonte'),
 ('uuid-caddr-059','Rua das Nespereiras',159,'Apto 30','Boa Viagem','PE','Brazil','51023-000','Recife'),
 ('uuid-caddr-060','Rua dos Mamoeiros',160,'Casa','Meireles','CE','Brazil','60163-000','Fortaleza'),
 ('uuid-caddr-061','Rua dos Tamarindos',161,'Apto 31','Pinheiros','SP','Brazil','05424-000','São Paulo'),
 ('uuid-caddr-062','Rua das Jaqueiras',162,'Casa','Leblon','RJ','Brazil','22452-000','Rio de Janeiro'),
 ('uuid-caddr-063','Rua dos Araçazeiros',163,'Apto 32','Batel','PR','Brazil','80422-000','Curitiba'),
 ('uuid-caddr-064','Rua das Goiabeiras',164,'Casa','Lagoa','SC','Brazil','88064-000','Florianópolis'),
 ('uuid-caddr-065','Rua dos Pitangueiras',165,'Apto 33','Moema','SP','Brazil','04079-000','São Paulo'),
 ('uuid-caddr-066','Rua das Uvaieiras',166,'Casa','Botafogo','RJ','Brazil','22282-000','Rio de Janeiro'),
 ('uuid-caddr-067','Rua dos Cajueiros',167,'Apto 34','Vitória','BA','Brazil','40292-000','Salvador'),
 ('uuid-caddr-068','Rua das Sapucaias',168,'Casa','Savassi','MG','Brazil','30172-000','Belo Horizonte'),
 ('uuid-caddr-069','Rua dos Ipezeiros',169,'Apto 35','Aflitos','PE','Brazil','52012-000','Recife'),
 ('uuid-caddr-070','Rua das Paineiras',170,'Casa','Aldeota','CE','Brazil','60152-000','Fortaleza'),
 ('uuid-caddr-071','Rua dos Jatobás',171,'Apto 36','Jardins','SP','Brazil','01414-000','São Paulo'),
 ('uuid-caddr-072','Rua das Quaresmeiras',172,'Casa','Tijuca','RJ','Brazil','20560-000','Rio de Janeiro'),
 ('uuid-caddr-073','Rua dos Umbuzeiros',173,'Apto 37','Água Verde','PR','Brazil','80660-000','Curitiba'),
 ('uuid-caddr-074','Rua das Oiticicas',174,'Casa','Trindade','SC','Brazil','88040-000','Florianópolis'),
 ('uuid-caddr-075','Rua dos Angicos',175,'Apto 38','Vila Madalena','SP','Brazil','05439-000','São Paulo'),
 ('uuid-caddr-076','Rua das Braúnas',176,'Casa','Flamengo','RJ','Brazil','22214-000','Rio de Janeiro'),
 ('uuid-caddr-077','Rua dos Canafístulos',177,'Apto 39','Graça','BA','Brazil','40154-000','Salvador'),
 ('uuid-caddr-078','Rua das Copaíbas',178,'Casa','Funcionários','MG','Brazil','30144-000','Belo Horizonte'),
 ('uuid-caddr-079','Rua dos Jenipapeiros',179,'Apto 40','Boa Viagem','PE','Brazil','51024-000','Recife'),
 ('uuid-caddr-080','Rua das Muricis',180,'Casa','Meireles','CE','Brazil','60164-000','Fortaleza'),
 ('uuid-caddr-081','Rua dos Jenipapos',181,'Apto 41','Pinheiros','SP','Brazil','05425-000','São Paulo'),
 ('uuid-caddr-082','Rua das Guarantãs',182,'Casa','Leblon','RJ','Brazil','22453-000','Rio de Janeiro'),
 ('uuid-caddr-083','Rua dos Louros',183,'Apto 42','Batel','PR','Brazil','80423-000','Curitiba'),
 ('uuid-caddr-084','Rua das Canelas',184,'Casa','Lagoa','SC','Brazil','88065-000','Florianópolis'),
 ('uuid-caddr-085','Rua dos Cedros',185,'Apto 43','Moema','SP','Brazil','04080-000','São Paulo'),
 ('uuid-caddr-086','Rua das Sucupiras',186,'Casa','Botafogo','RJ','Brazil','22283-000','Rio de Janeiro'),
 ('uuid-caddr-087','Rua dos Pereiros',187,'Apto 44','Vitória','BA','Brazil','40293-000','Salvador'),
 ('uuid-caddr-088','Rua das Capoeiras',188,'Casa','Savassi','MG','Brazil','30173-000','Belo Horizonte'),
 ('uuid-caddr-089','Rua dos Marmeleiros',189,'Apto 45','Aflitos','PE','Brazil','52013-000','Recife'),
 ('uuid-caddr-090','Rua das Aroeiras',190,'Casa','Aldeota','CE','Brazil','60153-000','Fortaleza'),
 ('uuid-caddr-091','Rua dos Cajás',191,'Apto 46','Jardins','SP','Brazil','01415-000','São Paulo'),
 ('uuid-caddr-092','Rua das Taiobeiras',192,'Casa','Tijuca','RJ','Brazil','20570-000','Rio de Janeiro'),
 ('uuid-caddr-093','Rua dos Gameleiros',193,'Apto 47','Água Verde','PR','Brazil','80670-000','Curitiba'),
 ('uuid-caddr-094','Rua das Embaúbas',194,'Casa','Trindade','SC','Brazil','88041-000','Florianópolis'),
 ('uuid-caddr-095','Rua dos Maracujazeiros',195,'Apto 48','Vila Madalena','SP','Brazil','05440-000','São Paulo'),
 ('uuid-caddr-096','Rua das Ingás',196,'Casa','Flamengo','RJ','Brazil','22215-000','Rio de Janeiro'),
 ('uuid-caddr-097','Rua dos Quipás',197,'Apto 49','Graça','BA','Brazil','40155-000','Salvador'),
 ('uuid-caddr-098','Rua das Quaresmeiras',198,'Casa','Funcionários','MG','Brazil','30145-000','Belo Horizonte'),
 ('uuid-caddr-099','Rua dos Umbús',199,'Apto 50','Boa Viagem','PE','Brazil','51025-000','Recife'),
 ('uuid-caddr-100','Rua das Cajazeiras',200,'Casa','Meireles','CE','Brazil','60165-000','Fortaleza');

INSERT INTO tb_customers_address (id) VALUES
('uuid-caddr-001'),('uuid-caddr-002'),('uuid-caddr-003'),('uuid-caddr-004'),('uuid-caddr-005'),
('uuid-caddr-006'),('uuid-caddr-007'),('uuid-caddr-008'),('uuid-caddr-009'),('uuid-caddr-010'),
('uuid-caddr-011'),('uuid-caddr-012'),('uuid-caddr-013'),('uuid-caddr-014'),('uuid-caddr-015'),
('uuid-caddr-016'),('uuid-caddr-017'),('uuid-caddr-018'),('uuid-caddr-019'),('uuid-caddr-020'),
('uuid-caddr-021'),('uuid-caddr-022'),('uuid-caddr-023'),('uuid-caddr-024'),('uuid-caddr-025'),
('uuid-caddr-026'),('uuid-caddr-027'),('uuid-caddr-028'),('uuid-caddr-029'),('uuid-caddr-030'),
('uuid-caddr-031'),('uuid-caddr-032'),('uuid-caddr-033'),('uuid-caddr-034'),('uuid-caddr-035'),
('uuid-caddr-036'),('uuid-caddr-037'),('uuid-caddr-038'),('uuid-caddr-039'),('uuid-caddr-040'),
('uuid-caddr-041'),('uuid-caddr-042'),('uuid-caddr-043'),('uuid-caddr-044'),('uuid-caddr-045'),
('uuid-caddr-046'),('uuid-caddr-047'),('uuid-caddr-048'),('uuid-caddr-049'),('uuid-caddr-050'),
('uuid-caddr-051'),('uuid-caddr-052'),('uuid-caddr-053'),('uuid-caddr-054'),('uuid-caddr-055'),
('uuid-caddr-056'),('uuid-caddr-057'),('uuid-caddr-058'),('uuid-caddr-059'),('uuid-caddr-060'),
('uuid-caddr-061'),('uuid-caddr-062'),('uuid-caddr-063'),('uuid-caddr-064'),('uuid-caddr-065'),
('uuid-caddr-066'),('uuid-caddr-067'),('uuid-caddr-068'),('uuid-caddr-069'),('uuid-caddr-070'),
('uuid-caddr-071'),('uuid-caddr-072'),('uuid-caddr-073'),('uuid-caddr-074'),('uuid-caddr-075'),
('uuid-caddr-076'),('uuid-caddr-077'),('uuid-caddr-078'),('uuid-caddr-079'),('uuid-caddr-080'),
('uuid-caddr-081'),('uuid-caddr-082'),('uuid-caddr-083'),('uuid-caddr-084'),('uuid-caddr-085'),
('uuid-caddr-086'),('uuid-caddr-087'),('uuid-caddr-088'),('uuid-caddr-089'),('uuid-caddr-090'),
('uuid-caddr-091'),('uuid-caddr-092'),('uuid-caddr-093'),('uuid-caddr-094'),('uuid-caddr-095'),
('uuid-caddr-096'),('uuid-caddr-097'),('uuid-caddr-098'),('uuid-caddr-099'),('uuid-caddr-100');

-- client_type: 1=INDIVIDUAL, 2=COMPANY
INSERT INTO tb_customers (id, name, phone, email, cpf, birth_date, registration_date, client_type, valid_cnh) VALUES
('uuid-cust-001','Carlos Silva','(11) 93001-0001','carlos.silva@email.com','10000000001','1985-01-10',CURRENT_DATE,1,true),
('uuid-cust-002','Ana Souza','(21) 93001-0002','ana.souza@email.com','10000000002','1990-02-15',CURRENT_DATE,1,true),
('uuid-cust-003','Pedro Santos','(41) 93001-0003','pedro.santos@email.com','10000000003','1978-03-20',CURRENT_DATE,1,true),
('uuid-cust-004','Maria Lima','(48) 93001-0004','maria.lima@email.com','10000000004','1995-04-01',CURRENT_DATE,1,false),
('uuid-cust-005','José Oliveira','(11) 93001-0005','jose.oliveira@email.com','10000000005','1982-05-10',CURRENT_DATE,1,true),
('uuid-cust-006','Fernanda Costa','(21) 93001-0006','fernanda.costa@email.com','10000000006','1988-06-15',CURRENT_DATE,1,true),
('uuid-cust-007','Roberto Alves','(71) 93001-0007','roberto.alves@email.com','10000000007','1975-07-20',CURRENT_DATE,2,true),
('uuid-cust-008','Luciana Pereira','(31) 93001-0008','luciana.pereira@email.com','10000000008','1992-08-01',CURRENT_DATE,1,true),
('uuid-cust-009','Diego Ferreira','(81) 93001-0009','diego.ferreira@email.com','10000000009','1987-09-10',CURRENT_DATE,1,false),
('uuid-cust-010','Camila Rodrigues','(85) 93001-0010','camila.rodrigues@email.com','10000000010','1993-10-15',CURRENT_DATE,1,true),
('uuid-cust-011','Marcos Nascimento','(81) 93001-0011','marcos.nascimento@email.com','10000000011','1980-11-20',CURRENT_DATE,1,true),
('uuid-cust-012','Patricia Barbosa','(98) 93001-0012','patricia.barbosa@email.com','10000000012','1976-12-01',CURRENT_DATE,2,true),
('uuid-cust-013','Thiago Martins','(11) 93001-0013','thiago.martins@email.com','10000000013','1991-01-10',CURRENT_DATE,1,true),
('uuid-cust-014','Juliana Araujo','(21) 93001-0014','juliana.araujo@email.com','10000000014','1986-02-15',CURRENT_DATE,1,true),
('uuid-cust-015','Ricardo Gomes','(51) 93001-0015','ricardo.gomes@email.com','10000000015','1983-03-20',CURRENT_DATE,1,true),
('uuid-cust-016','Sandra Mendes','(92) 93001-0016','sandra.mendes@email.com','10000000016','1994-04-01',CURRENT_DATE,1,false),
('uuid-cust-017','Leonardo Freitas','(11) 93001-0017','leonardo.freitas@email.com','10000000017','1979-05-10',CURRENT_DATE,1,true),
('uuid-cust-018','Aline Carvalho','(85) 93001-0018','aline.carvalho@email.com','10000000018','1989-06-15',CURRENT_DATE,1,true),
('uuid-cust-019','Bruno Teixeira','(32) 93001-0019','bruno.teixeira@email.com','10000000019','1977-07-20',CURRENT_DATE,2,true),
('uuid-cust-020','Cristiane Rocha','(51) 93001-0020','cristiane.rocha@email.com','10000000020','1996-08-01',CURRENT_DATE,1,true),
('uuid-cust-021','Gustavo Pinto','(21) 93001-0021','gustavo.pinto@email.com','10000000021','1984-09-10',CURRENT_DATE,1,true),
('uuid-cust-022','Vanessa Moreira','(11) 93001-0022','vanessa.moreira@email.com','10000000022','1990-10-15',CURRENT_DATE,1,true),
('uuid-cust-023','Paulo Ribeiro','(41) 93001-0023','paulo.ribeiro@email.com','10000000023','1973-11-20',CURRENT_DATE,1,false),
('uuid-cust-024','Tatiana Azevedo','(85) 93001-0024','tatiana.azevedo@email.com','10000000024','1997-12-01',CURRENT_DATE,1,true),
('uuid-cust-025','Rodrigo Cavalcanti','(51) 93001-0025','rodrigo.cavalcanti@email.com','10000000025','1981-01-10',CURRENT_DATE,1,true),
('uuid-cust-026','Isabela Monteiro','(21) 93001-0026','isabela.monteiro@email.com','10000000026','1987-02-15',CURRENT_DATE,2,true),
('uuid-cust-027','Felipe Vieira','(11) 93001-0027','felipe.vieira@email.com','10000000027','1976-03-20',CURRENT_DATE,1,true),
('uuid-cust-028','Daniela Cunha','(71) 93001-0028','daniela.cunha@email.com','10000000028','1992-04-01',CURRENT_DATE,1,true),
('uuid-cust-029','Eduardo Dias','(21) 93001-0029','eduardo.dias@email.com','10000000029','1985-05-10',CURRENT_DATE,1,true),
('uuid-cust-030','Mariana Faria','(31) 93001-0030','mariana.faria@email.com','10000000030','1993-06-15',CURRENT_DATE,1,false),
('uuid-cust-031','Sandro Brito','(62) 93001-0031','sandro.brito@email.com','10000000031','1978-07-20',CURRENT_DATE,1,true),
('uuid-cust-032','Claudia Machado','(85) 93001-0032','claudia.machado@email.com','10000000032','1988-08-01',CURRENT_DATE,1,true),
('uuid-cust-033','Alexandre Lima','(47) 93001-0033','alexandre.lima@email.com','10000000033','1974-09-10',CURRENT_DATE,2,true),
('uuid-cust-034','Natalia Castro','(11) 93001-0034','natalia.castro@email.com','10000000034','1998-10-15',CURRENT_DATE,1,true),
('uuid-cust-035','Vinicius Ramos','(67) 93001-0035','vinicius.ramos@email.com','10000000035','1982-11-20',CURRENT_DATE,1,true),
('uuid-cust-036','Bianca Cardoso','(86) 93001-0036','bianca.cardoso@email.com','10000000036','1991-12-01',CURRENT_DATE,1,true),
('uuid-cust-037','Henrique Lopes','(84) 93001-0037','henrique.lopes@email.com','10000000037','1980-01-10',CURRENT_DATE,1,false),
('uuid-cust-038','Priscila Santana','(65) 93001-0038','priscila.santana@email.com','10000000038','1989-02-15',CURRENT_DATE,1,true),
('uuid-cust-039','Leandro Medeiros','(11) 93001-0039','leandro.medeiros@email.com','10000000039','1975-03-20',CURRENT_DATE,1,true),
('uuid-cust-040','Rafaela Nunes','(79) 93001-0040','rafaela.nunes@email.com','10000000040','1994-04-01',CURRENT_DATE,2,true),
('uuid-cust-041','Thales Peixoto','(11) 93001-0041','thales.peixoto@email.com','10000000041','1983-05-10',CURRENT_DATE,1,true),
('uuid-cust-042','Larissa Queiroz','(91) 93001-0042','larissa.queiroz@email.com','10000000042','1990-06-15',CURRENT_DATE,1,true),
('uuid-cust-043','Victor Sampaio','(21) 93001-0043','victor.sampaio@email.com','10000000043','1977-07-20',CURRENT_DATE,1,true),
('uuid-cust-044','Elaine Moura','(21) 93001-0044','elaine.moura@email.com','10000000044','1986-08-01',CURRENT_DATE,1,false),
('uuid-cust-045','Fernando Nogueira','(51) 93001-0045','fernando.nogueira@email.com','10000000045','1992-09-10',CURRENT_DATE,1,true),
('uuid-cust-046','Beatriz Pacheco','(85) 93001-0046','beatriz.pacheco@email.com','10000000046','1981-10-15',CURRENT_DATE,1,true),
('uuid-cust-047','Gabriel Bastos','(44) 93001-0047','gabriel.bastos@email.com','10000000047','1988-11-20',CURRENT_DATE,2,true),
('uuid-cust-048','Helena Correia','(83) 93001-0048','helena.correia@email.com','10000000048','1995-12-01',CURRENT_DATE,1,true),
('uuid-cust-049','Igor Andrade','(84) 93001-0049','igor.andrade@email.com','10000000049','1979-01-10',CURRENT_DATE,1,true),
('uuid-cust-050','Jessica Torres','(62) 93001-0050','jessica.torres@email.com','10000000050','1993-02-15',CURRENT_DATE,1,true),
('uuid-cust-051','Klaus Fonseca','(31) 93001-0051','klaus.fonseca@email.com','10000000051','1984-03-20',CURRENT_DATE,1,false),
('uuid-cust-052','Laura Almeida','(84) 93001-0052','laura.almeida@email.com','10000000052','1991-04-01',CURRENT_DATE,1,true),
('uuid-cust-053','Mauricio Campos','(48) 93001-0053','mauricio.campos@email.com','10000000053','1976-05-10',CURRENT_DATE,2,true),
('uuid-cust-054','Nadia Ribeiro','(81) 93001-0054','nadia.ribeiro@email.com','10000000054','1987-06-15',CURRENT_DATE,1,true),
('uuid-cust-055','Otavio Guimaraes','(21) 93001-0055','otavio.guimaraes@email.com','10000000055','1982-07-20',CURRENT_DATE,1,true),
('uuid-cust-056','Paola Henrique','(54) 93001-0056','paola.henrique@email.com','10000000056','1996-08-01',CURRENT_DATE,1,true),
('uuid-cust-057','Quintino Xavier','(31) 93001-0057','quintino.xavier@email.com','10000000057','1973-09-10',CURRENT_DATE,1,false),
('uuid-cust-058','Renata Amaral','(85) 93001-0058','renata.amaral@email.com','10000000058','1989-10-15',CURRENT_DATE,1,true),
('uuid-cust-059','Sergio Mello','(31) 93001-0059','sergio.mello@email.com','10000000059','1978-11-20',CURRENT_DATE,2,true),
('uuid-cust-060','Tatiane Barros','(21) 93001-0060','tatiane.barros@email.com','10000000060','1994-12-01',CURRENT_DATE,1,true),
('uuid-cust-061','Ulisses Sousa','(31) 93001-0061','ulisses.sousa@email.com','10000000061','1985-01-15',CURRENT_DATE,1,true),
('uuid-cust-062','Viviane Assis','(71) 93001-0062','viviane.assis@email.com','10000000062','1990-02-20',CURRENT_DATE,1,true),
('uuid-cust-063','Wilson Rezende','(11) 93001-0063','wilson.rezende@email.com','10000000063','1972-03-25',CURRENT_DATE,1,true),
('uuid-cust-064','Ximena Vasconcelos','(71) 93001-0064','ximena.vasconcelos@email.com','10000000064','1997-04-30',CURRENT_DATE,1,false),
('uuid-cust-065','Yara Muniz','(31) 93001-0065','yara.muniz@email.com','10000000065','1983-05-05',CURRENT_DATE,2,true),
('uuid-cust-066','Zeca Florencio','(51) 93001-0066','zeca.florencio@email.com','10000000066','1988-06-10',CURRENT_DATE,1,true),
('uuid-cust-067','Andre Batista','(27) 93001-0067','andre.batista@email.com','10000000067','1975-07-15',CURRENT_DATE,1,true),
('uuid-cust-068','Bruna Macedo','(27) 93001-0068','bruna.macedo@email.com','10000000068','1993-08-20',CURRENT_DATE,1,true),
('uuid-cust-069','Celio Bernardes','(21) 93001-0069','celio.bernardes@email.com','10000000069','1980-09-25',CURRENT_DATE,1,false),
('uuid-cust-070','Debora Valente','(51) 93001-0070','debora.valente@email.com','10000000070','1986-10-30',CURRENT_DATE,1,true),
('uuid-cust-071','Erica Chaves','(11) 93001-0071','erica.chaves@email.com','10000000071','1992-11-05',CURRENT_DATE,2,true),
('uuid-cust-072','Fabio Neto','(21) 93001-0072','fabio.neto@email.com','10000000072','1977-12-10',CURRENT_DATE,1,true),
('uuid-cust-073','Gisele Paiva','(11) 93001-0073','gisele.paiva@email.com','10000000073','1984-01-15',CURRENT_DATE,1,true),
('uuid-cust-074','Helio Siqueira','(81) 93001-0074','helio.siqueira@email.com','10000000074','1991-02-20',CURRENT_DATE,1,true),
('uuid-cust-075','Ingrid Tavares','(21) 93001-0075','ingrid.tavares@email.com','10000000075','1979-03-25',CURRENT_DATE,1,false),
('uuid-cust-076','Jair Leite','(62) 93001-0076','jair.leite@email.com','10000000076','1987-04-30',CURRENT_DATE,1,true),
('uuid-cust-077','Kelly Figueiredo','(81) 93001-0077','kelly.figueiredo@email.com','10000000077','1982-05-05',CURRENT_DATE,2,true),
('uuid-cust-078','Lucio Duarte','(81) 93001-0078','lucio.duarte@email.com','10000000078','1995-06-10',CURRENT_DATE,1,true),
('uuid-cust-079','Miriam Lacerda','(11) 93001-0079','miriam.lacerda@email.com','10000000079','1976-07-15',CURRENT_DATE,1,true),
('uuid-cust-080','Nivaldo Rocha','(92) 93001-0080','nivaldo.rocha@email.com','10000000080','1989-08-20',CURRENT_DATE,1,true),
('uuid-cust-081','Olga Pinheiro','(48) 93001-0081','olga.pinheiro@email.com','10000000081','1974-09-25',CURRENT_DATE,1,false),
('uuid-cust-082','Paulo Eugenio','(71) 93001-0082','paulo.eugenio@email.com','10000000082','1998-10-30',CURRENT_DATE,1,true),
('uuid-cust-083','Quezia Marques','(21) 93001-0083','quezia.marques@email.com','10000000083','1981-11-05',CURRENT_DATE,2,true),
('uuid-cust-084','Roberto Filho','(85) 93001-0084','roberto.filho@email.com','10000000084','1990-12-10',CURRENT_DATE,1,true),
('uuid-cust-085','Sueli Matos','(11) 93001-0085','sueli.matos@email.com','10000000085','1973-01-15',CURRENT_DATE,1,true),
('uuid-cust-086','Tadeu Cabral','(67) 93001-0086','tadeu.cabral@email.com','10000000086','1986-02-20',CURRENT_DATE,1,true),
('uuid-cust-087','Ursula Gadelha','(31) 93001-0087','ursula.gadelha@email.com','10000000087','1992-03-25',CURRENT_DATE,1,false),
('uuid-cust-088','Vanderlei Prado','(71) 93001-0088','vanderlei.prado@email.com','10000000088','1978-04-30',CURRENT_DATE,1,true),
('uuid-cust-089','Walesca Braga','(45) 93001-0089','walesca.braga@email.com','10000000089','1985-05-05',CURRENT_DATE,2,true),
('uuid-cust-090','Xisto Carmo','(95) 93001-0090','xisto.carmo@email.com','10000000090','1993-06-10',CURRENT_DATE,1,true),
('uuid-cust-091','Yolanda Sena','(48) 93001-0091','yolanda.sena@email.com','10000000091','1980-07-15',CURRENT_DATE,1,true),
('uuid-cust-092','Zuleide Meireles','(11) 93001-0092','zuleide.meireles@email.com','10000000092','1988-08-20',CURRENT_DATE,1,true),
('uuid-cust-093','Abel Monteiro','(21) 93001-0093','abel.monteiro@email.com','10000000093','1975-09-25',CURRENT_DATE,1,false),
('uuid-cust-094','Benedita Luz','(31) 93001-0094','benedita.luz@email.com','10000000094','1996-10-30',CURRENT_DATE,1,true),
('uuid-cust-095','Caio Esteves','(31) 93001-0095','caio.esteves@email.com','10000000095','1983-11-05',CURRENT_DATE,2,true),
('uuid-cust-096','Dalva Freire','(41) 93001-0096','dalva.freire@email.com','10000000096','1991-12-10',CURRENT_DATE,1,true),
('uuid-cust-097','Edgar Goncalves','(41) 93001-0097','edgar.goncalves@email.com','10000000097','1977-01-15',CURRENT_DATE,1,true),
('uuid-cust-098','Fabiana Werneck','(51) 93001-0098','fabiana.werneck@email.com','10000000098','1984-02-20',CURRENT_DATE,1,true),
('uuid-cust-099','Geraldo Basilio','(11) 93001-0099','geraldo.basilio@email.com','10000000099','1990-03-25',CURRENT_DATE,1,false),
('uuid-cust-100','Hortencia Dias','(21) 93001-0100','hortencia.dias@email.com','10000000100','1979-04-30',CURRENT_DATE,1,true);

INSERT INTO tb_customer_addresses_map (customer_id, customer_address_id) VALUES
 ('uuid-cust-001','uuid-caddr-001'),('uuid-cust-002','uuid-caddr-002'),('uuid-cust-003','uuid-caddr-003'),
 ('uuid-cust-004','uuid-caddr-004'),('uuid-cust-005','uuid-caddr-005'),('uuid-cust-006','uuid-caddr-006'),
 ('uuid-cust-007','uuid-caddr-007'),('uuid-cust-008','uuid-caddr-008'),('uuid-cust-009','uuid-caddr-009'),
 ('uuid-cust-010','uuid-caddr-010'),('uuid-cust-011','uuid-caddr-011'),('uuid-cust-012','uuid-caddr-012'),
 ('uuid-cust-013','uuid-caddr-013'),('uuid-cust-014','uuid-caddr-014'),('uuid-cust-015','uuid-caddr-015'),
 ('uuid-cust-016','uuid-caddr-016'),('uuid-cust-017','uuid-caddr-017'),('uuid-cust-018','uuid-caddr-018'),
 ('uuid-cust-019','uuid-caddr-019'),('uuid-cust-020','uuid-caddr-020'),('uuid-cust-021','uuid-caddr-021'),
 ('uuid-cust-022','uuid-caddr-022'),('uuid-cust-023','uuid-caddr-023'),('uuid-cust-024','uuid-caddr-024'),
 ('uuid-cust-025','uuid-caddr-025'),('uuid-cust-026','uuid-caddr-026'),('uuid-cust-027','uuid-caddr-027'),
 ('uuid-cust-028','uuid-caddr-028'),('uuid-cust-029','uuid-caddr-029'),('uuid-cust-030','uuid-caddr-030'),
 ('uuid-cust-031','uuid-caddr-031'),('uuid-cust-032','uuid-caddr-032'),('uuid-cust-033','uuid-caddr-033'),
 ('uuid-cust-034','uuid-caddr-034'),('uuid-cust-035','uuid-caddr-035'),('uuid-cust-036','uuid-caddr-036'),
 ('uuid-cust-037','uuid-caddr-037'),('uuid-cust-038','uuid-caddr-038'),('uuid-cust-039','uuid-caddr-039'),
 ('uuid-cust-040','uuid-caddr-040'),('uuid-cust-041','uuid-caddr-041'),('uuid-cust-042','uuid-caddr-042'),
 ('uuid-cust-043','uuid-caddr-043'),('uuid-cust-044','uuid-caddr-044'),('uuid-cust-045','uuid-caddr-045'),
 ('uuid-cust-046','uuid-caddr-046'),('uuid-cust-047','uuid-caddr-047'),('uuid-cust-048','uuid-caddr-048'),
 ('uuid-cust-049','uuid-caddr-049'),('uuid-cust-050','uuid-caddr-050'),('uuid-cust-051','uuid-caddr-051'),
 ('uuid-cust-052','uuid-caddr-052'),('uuid-cust-053','uuid-caddr-053'),('uuid-cust-054','uuid-caddr-054'),
 ('uuid-cust-055','uuid-caddr-055'),('uuid-cust-056','uuid-caddr-056'),('uuid-cust-057','uuid-caddr-057'),
 ('uuid-cust-058','uuid-caddr-058'),('uuid-cust-059','uuid-caddr-059'),('uuid-cust-060','uuid-caddr-060'),
 ('uuid-cust-061','uuid-caddr-061'),('uuid-cust-062','uuid-caddr-062'),('uuid-cust-063','uuid-caddr-063'),
 ('uuid-cust-064','uuid-caddr-064'),('uuid-cust-065','uuid-caddr-065'),('uuid-cust-066','uuid-caddr-066'),
 ('uuid-cust-067','uuid-caddr-067'),('uuid-cust-068','uuid-caddr-068'),('uuid-cust-069','uuid-caddr-069'),
 ('uuid-cust-070','uuid-caddr-070'),('uuid-cust-071','uuid-caddr-071'),('uuid-cust-072','uuid-caddr-072'),
 ('uuid-cust-073','uuid-caddr-073'),('uuid-cust-074','uuid-caddr-074'),('uuid-cust-075','uuid-caddr-075'),
 ('uuid-cust-076','uuid-caddr-076'),('uuid-cust-077','uuid-caddr-077'),('uuid-cust-078','uuid-caddr-078'),
 ('uuid-cust-079','uuid-caddr-079'),('uuid-cust-080','uuid-caddr-080'),('uuid-cust-081','uuid-caddr-081'),
 ('uuid-cust-082','uuid-caddr-082'),('uuid-cust-083','uuid-caddr-083'),('uuid-cust-084','uuid-caddr-084'),
 ('uuid-cust-085','uuid-caddr-085'),('uuid-cust-086','uuid-caddr-086'),('uuid-cust-087','uuid-caddr-087'),
 ('uuid-cust-088','uuid-caddr-088'),('uuid-cust-089','uuid-caddr-089'),('uuid-cust-090','uuid-caddr-090'),
 ('uuid-cust-091','uuid-caddr-091'),('uuid-cust-092','uuid-caddr-092'),('uuid-cust-093','uuid-caddr-093'),
 ('uuid-cust-094','uuid-caddr-094'),('uuid-cust-095','uuid-caddr-095'),('uuid-cust-096','uuid-caddr-096'),
 ('uuid-cust-097','uuid-caddr-097'),('uuid-cust-098','uuid-caddr-098'),('uuid-cust-099','uuid-caddr-099'),
 ('uuid-cust-100','uuid-caddr-100');

-- ==========================================
-- 5. VEHICLES (100 Cars)
-- type CAR=1; categories: SEDAN=2,SUV=3,HATCH=4,PICKUP=5,COUPE=6
-- fuel: GASOLINE=1,ETHANOL=2,FLEX=3,DIESEL=4,ELECTRIC=5,HYBRID=6
-- status: NEW=1,USED=2; availability: AVAILABLE=1,SOLD=2,RESERVED=3
-- transmission: MANUAL=1,AUTOMATIC=2,CVT=3
-- ==========================================
INSERT INTO tb_vehicles (id,brand,model,type,category,manufacture_year,color,sale_price,fuel_type,infotainment_system,fuel_tank_capacity,engine_power,passenger_capacity,mileage,status,availability,description,number_of_cylinders,weight,last_update,branch_id) VALUES
('uuid-veh-001','Toyota','Corolla',1,2,'2022-01-01','Branco',95000.0,3,'Toyota Connect',50.0,177.0,5,10000.0,1,1,'Sedã executivo top de linha',4,1370.0,CURRENT_DATE,'uuid-branch-001'),
('uuid-veh-002','Honda','Civic',1,2,'2021-01-01','Prata',98000.0,3,'Honda Sensing',47.0,174.0,5,25000.0,2,1,'Civic EXL completo',4,1380.0,CURRENT_DATE,'uuid-branch-001'),
('uuid-veh-003','Volkswagen','Golf',1,4,'2023-01-01','Preto',120000.0,1,'Discover Pro',50.0,150.0,5,5000.0,1,1,'Golf GTI edição especial',4,1395.0,CURRENT_DATE,'uuid-branch-002'),
('uuid-veh-004','Hyundai','HB20',1,4,'2023-01-01','Vermelho',75000.0,3,'Bluelink',42.0,120.0,5,8000.0,1,1,'HB20 Evolution Flex',4,1096.0,CURRENT_DATE,'uuid-branch-002'),
('uuid-veh-005','Chevrolet','Onix',1,4,'2022-01-01','Azul',72000.0,3,'MyLink',41.0,116.0,5,15000.0,1,1,'Onix Premier automático',3,1115.0,CURRENT_DATE,'uuid-branch-003'),
('uuid-veh-006','Ford','EcoSport',1,3,'2021-01-01','Cinza',90000.0,1,'SYNC 3',54.0,170.0,5,30000.0,2,1,'EcoSport Titanium',4,1393.0,CURRENT_DATE,'uuid-branch-003'),
('uuid-veh-007','Jeep','Compass',1,3,'2023-01-01','Branco',195000.0,4,'Uconnect 10.1',60.0,185.0,5,3000.0,1,1,'Compass Limited diesel',4,1705.0,CURRENT_DATE,'uuid-branch-004'),
('uuid-veh-008','Nissan','Kicks',1,3,'2022-01-01','Azul',115000.0,3,'NissanConnect',41.0,116.0,5,18000.0,1,1,'Kicks Advance',4,1257.0,CURRENT_DATE,'uuid-branch-004'),
('uuid-veh-009','Renault','Kwid',1,4,'2023-01-01','Laranja',65000.0,3,'Media Nav',27.0,66.0,5,2000.0,1,1,'Kwid Intense turbo',3,845.0,CURRENT_DATE,'uuid-branch-005'),
('uuid-veh-010','Fiat','Strada',1,5,'2022-01-01','Branco',110000.0,3,'Uconnect',48.0,130.0,5,22000.0,1,1,'Strada Volcano automática',4,1369.0,CURRENT_DATE,'uuid-branch-005'),
('uuid-veh-011','Volkswagen','T-Cross',1,3,'2023-01-01','Cinza',140000.0,3,'Discover Pro',55.0,128.0,5,7000.0,1,1,'T-Cross Highline',4,1355.0,CURRENT_DATE,'uuid-branch-006'),
('uuid-veh-012','Toyota','Hilux',1,5,'2022-01-01','Preto',250000.0,4,'Toyota Connect',80.0,201.0,5,12000.0,1,1,'Hilux SRX diesel',4,2055.0,CURRENT_DATE,'uuid-branch-006'),
('uuid-veh-013','Honda','HR-V',1,3,'2023-01-01','Prata',175000.0,6,'Honda Sensing',40.0,131.0,5,4000.0,1,1,'HR-V Touring híbrido',4,1519.0,CURRENT_DATE,'uuid-branch-007'),
('uuid-veh-014','Chevrolet','S10',1,5,'2022-01-01','Vermelho',215000.0,4,'MyLink',75.0,180.0,5,20000.0,1,1,'S10 LTZ diesel',4,1950.0,CURRENT_DATE,'uuid-branch-007'),
('uuid-veh-015','Ford','Maverick',1,5,'2023-01-01','Azul',185000.0,6,'SYNC 4',50.0,191.0,5,5000.0,1,1,'Maverick Hybrid',4,1768.0,CURRENT_DATE,'uuid-branch-008'),
('uuid-veh-016','Jeep','Renegade',1,3,'2022-01-01','Verde',140000.0,3,'Uconnect',52.0,130.0,5,28000.0,1,1,'Renegade Longitude',4,1430.0,CURRENT_DATE,'uuid-branch-008'),
('uuid-veh-017','Hyundai','Creta',1,3,'2023-01-01','Branco',160000.0,3,'Bluelink',50.0,156.0,5,9000.0,1,1,'Creta Ultimate',4,1480.0,CURRENT_DATE,'uuid-branch-009'),
('uuid-veh-018','Nissan','Versa',1,2,'2022-01-01','Cinza',89000.0,3,'NissanConnect',41.0,116.0,5,32000.0,2,1,'Versa Exclusive',4,1174.0,CURRENT_DATE,'uuid-branch-009'),
('uuid-veh-019','Renault','Duster',1,3,'2021-01-01','Laranja',105000.0,3,'Media Nav',50.0,143.0,5,40000.0,2,1,'Duster Iconic',4,1408.0,CURRENT_DATE,'uuid-branch-010'),
('uuid-veh-020','Fiat','Toro',1,5,'2023-01-01','Preto',195000.0,4,'Uconnect',65.0,170.0,5,6000.0,1,1,'Toro Ranch diesel',4,1744.0,CURRENT_DATE,'uuid-branch-010'),
('uuid-veh-021','Volkswagen','Polo',1,4,'2022-01-01','Vermelho',88000.0,3,'Discover Media',42.0,128.0,5,16000.0,1,1,'Polo Highline automático',4,1270.0,CURRENT_DATE,'uuid-branch-011'),
('uuid-veh-022','Toyota','Yaris',1,4,'2023-01-01','Azul',96000.0,3,'Toyota Connect',50.0,108.0,5,4000.0,1,1,'Yaris XLS sedã',4,1150.0,CURRENT_DATE,'uuid-branch-011'),
('uuid-veh-023','Honda','Fit',1,4,'2020-01-01','Prata',82000.0,3,'Honda Connect',40.0,128.0,5,48000.0,2,1,'Fit EXL automático',4,1196.0,CURRENT_DATE,'uuid-branch-012'),
('uuid-veh-024','Chevrolet','Tracker',1,3,'2023-01-01','Branco',148000.0,3,'MyLink',45.0,133.0,5,8000.0,1,1,'Tracker Premier',3,1373.0,CURRENT_DATE,'uuid-branch-012'),
('uuid-veh-025','Ford','Territory',1,3,'2022-01-01','Cinza',195000.0,6,'SYNC 3',60.0,184.0,5,14000.0,6,1,'Territory Titanium híbrido',4,1771.0,CURRENT_DATE,'uuid-branch-013'),
('uuid-veh-026','Jeep','Grand Cherokee',1,3,'2023-01-01','Preto',480000.0,1,'Uconnect 10.1',93.0,295.0,5,2000.0,1,1,'Grand Cherokee Limited',6,2082.0,CURRENT_DATE,'uuid-branch-013'),
('uuid-veh-027','Hyundai','Tucson',1,3,'2022-01-01','Azul',185000.0,6,'Bluelink',54.0,265.0,5,11000.0,6,1,'Tucson Hybrid',4,1835.0,CURRENT_DATE,'uuid-branch-014'),
('uuid-veh-028','Nissan','Frontier',1,5,'2023-01-01','Vermelho',240000.0,4,'NissanConnect',80.0,190.0,5,3000.0,1,1,'Frontier PRO-4X',4,2069.0,CURRENT_DATE,'uuid-branch-014'),
('uuid-veh-029','Renault','Sandero',1,4,'2021-01-01','Laranja',78000.0,3,'Media Nav',40.0,99.0,5,35000.0,2,1,'Sandero Stepway',4,1094.0,CURRENT_DATE,'uuid-branch-015'),
('uuid-veh-030','Fiat','Pulse',1,3,'2023-01-01','Cinza',119000.0,3,'Uconnect',42.0,130.0,5,7000.0,1,1,'Pulse Impetus',4,1355.0,CURRENT_DATE,'uuid-branch-015'),
('uuid-veh-031','Volkswagen','Amarok',1,5,'2022-01-01','Preto',290000.0,4,'Discover Pro',80.0,258.0,5,19000.0,1,1,'Amarok V6 Highline',6,2250.0,CURRENT_DATE,'uuid-branch-016'),
('uuid-veh-032','Toyota','RAV4',1,3,'2023-01-01','Branco',280000.0,6,'Toyota Connect',60.0,222.0,5,5000.0,6,1,'RAV4 Adventure hybrid',4,1890.0,CURRENT_DATE,'uuid-branch-016'),
('uuid-veh-033','Honda','WR-V',1,3,'2023-01-01','Prata',118000.0,3,'Honda Sensing',42.0,126.0,5,3000.0,1,1,'WR-V Touring',4,1275.0,CURRENT_DATE,'uuid-branch-017'),
('uuid-veh-034','Chevrolet','Montana',1,5,'2023-01-01','Vermelho',125000.0,3,'MyLink',44.0,133.0,5,6000.0,1,1,'Montana Premier',3,1526.0,CURRENT_DATE,'uuid-branch-017'),
('uuid-veh-035','Ford','Bronco Sport',1,3,'2023-01-01','Azul',205000.0,1,'SYNC 4',62.0,181.0,5,4000.0,1,1,'Bronco Sport Wildtrack',4,1724.0,CURRENT_DATE,'uuid-branch-018'),
('uuid-veh-036','Jeep','Wrangler',1,3,'2022-01-01','Verde',380000.0,1,'Uconnect 10.1',88.0,285.0,5,8000.0,1,1,'Wrangler Rubicon',6,2124.0,CURRENT_DATE,'uuid-branch-018'),
('uuid-veh-037','Hyundai','i30',1,4,'2021-01-01','Cinza',102000.0,1,'Bluelink',50.0,185.0,5,27000.0,2,1,'i30 Fastback N Line',4,1440.0,CURRENT_DATE,'uuid-branch-019'),
('uuid-veh-038','Nissan','Sentra',1,2,'2022-01-01','Branco',110000.0,3,'NissanConnect',50.0,144.0,5,22000.0,1,1,'Sentra Exclusive',4,1418.0,CURRENT_DATE,'uuid-branch-019'),
('uuid-veh-039','Renault','Captur',1,3,'2023-01-01','Laranja',145000.0,3,'Easy Link',52.0,131.0,5,6000.0,1,1,'Captur Intense',4,1438.0,CURRENT_DATE,'uuid-branch-020'),
('uuid-veh-040','Fiat','Fastback',1,6,'2023-01-01','Preto',155000.0,3,'Uconnect',46.0,185.0,5,4000.0,1,1,'Fastback Impetus turbo',4,1418.0,CURRENT_DATE,'uuid-branch-020'),
('uuid-veh-041','Volkswagen','Tiguan',1,3,'2022-01-01','Prata',230000.0,1,'Discover Pro',60.0,230.0,5,14000.0,1,1,'Tiguan Allspace',4,1895.0,CURRENT_DATE,'uuid-branch-021'),
('uuid-veh-042','Toyota','Camry',1,2,'2023-01-01','Branco',250000.0,6,'Toyota Connect',60.0,218.0,5,8000.0,6,1,'Camry Hybrid XSE',4,1705.0,CURRENT_DATE,'uuid-branch-021'),
('uuid-veh-043','Honda','Accord',1,2,'2022-01-01','Preto',265000.0,6,'Honda Sensing',56.0,212.0,5,16000.0,6,1,'Accord Sport Hybrid',4,1668.0,CURRENT_DATE,'uuid-branch-022'),
('uuid-veh-044','Chevrolet','Cruze',1,2,'2021-01-01','Azul',125000.0,1,'MyLink',50.0,153.0,5,35000.0,2,1,'Cruze Sport6 turbo',4,1422.0,CURRENT_DATE,'uuid-branch-022'),
('uuid-veh-045','Ford','Edge',1,3,'2022-01-01','Vermelho',285000.0,1,'SYNC 3',70.0,265.0,5,12000.0,1,1,'Edge Titanium',4,1993.0,CURRENT_DATE,'uuid-branch-023'),
('uuid-veh-046','Jeep','Commander',1,3,'2023-01-01','Cinza',270000.0,4,'Uconnect 10.1',72.0,170.0,5,5000.0,1,1,'Commander Overland diesel',4,2007.0,CURRENT_DATE,'uuid-branch-023'),
('uuid-veh-047','Hyundai','Santa Fe',1,3,'2022-01-01','Branco',320000.0,6,'Bluelink',67.0,265.0,5,9000.0,6,1,'Santa Fe Hybrid',4,2100.0,CURRENT_DATE,'uuid-branch-024'),
('uuid-veh-048','Nissan','Murano',1,3,'2021-01-01','Prata',280000.0,1,'NissanConnect',80.0,260.0,5,30000.0,2,1,'Murano SL',4,1976.0,CURRENT_DATE,'uuid-branch-024'),
('uuid-veh-049','Renault','Oroch',1,5,'2023-01-01','Laranja',130000.0,3,'Easy Link',52.0,131.0,5,3000.0,1,1,'Oroch Outsider turbo',4,1512.0,CURRENT_DATE,'uuid-branch-025'),
('uuid-veh-050','Fiat','Doblo',1,3,'2022-01-01','Branco',115000.0,3,'Uconnect',48.0,130.0,5,18000.0,1,1,'Doblò Cargo Adventure',4,1440.0,CURRENT_DATE,'uuid-branch-025'),
('uuid-veh-051','Volkswagen','Jetta',1,2,'2022-01-01','Preto',170000.0,1,'Discover Pro',55.0,230.0,5,21000.0,1,1,'Jetta GLI',4,1450.0,CURRENT_DATE,'uuid-branch-026'),
('uuid-veh-052','Toyota','Corolla Cross',1,3,'2023-01-01','Azul',215000.0,6,'Toyota Connect',50.0,122.0,5,4000.0,6,1,'Corolla Cross XRE Hybrid',4,1705.0,CURRENT_DATE,'uuid-branch-026'),
('uuid-veh-053','Honda','CR-V',1,3,'2022-01-01','Prata',248000.0,6,'Honda Sensing',57.0,212.0,5,13000.0,6,1,'CR-V Hybrid Touring',4,1785.0,CURRENT_DATE,'uuid-branch-027'),
('uuid-veh-054','Chevrolet','Equinox',1,3,'2023-01-01','Vermelho',185000.0,1,'MyLink',55.0,170.0,5,7000.0,1,1,'Equinox Premier',4,1700.0,CURRENT_DATE,'uuid-branch-027'),
('uuid-veh-055','Ford','Ranger',1,5,'2022-01-01','Cinza',265000.0,4,'SYNC 4',80.0,213.0,5,15000.0,1,1,'Ranger Storme diesel',4,2070.0,CURRENT_DATE,'uuid-branch-028'),
('uuid-veh-056','Jeep','Meridian',1,3,'2023-01-01','Branco',310000.0,4,'Uconnect 10.1',74.0,173.0,5,4000.0,1,1,'Meridian Overland diesel',4,2254.0,CURRENT_DATE,'uuid-branch-028'),
('uuid-veh-057','Hyundai','Ioniq 5',1,3,'2023-01-01','Verde',380000.0,5,'Bluelink',0.0,320.0,5,2000.0,1,1,'Ioniq 5 Limited elétrico',0,2100.0,CURRENT_DATE,'uuid-branch-029'),
('uuid-veh-058','Nissan','Leaf',1,4,'2022-01-01','Azul',290000.0,5,'NissanConnect',0.0,150.0,5,8000.0,1,1,'Leaf Plus 62kWh',0,1598.0,CURRENT_DATE,'uuid-branch-029'),
('uuid-veh-059','Renault','Zoe',1,4,'2021-01-01','Branco',280000.0,5,'Easy Link',0.0,136.0,5,12000.0,1,1,'Zoe Intens elétrico',0,1534.0,CURRENT_DATE,'uuid-branch-030'),
('uuid-veh-060','Fiat','500e',1,4,'2023-01-01','Laranja',320000.0,5,'Uconnect',0.0,118.0,4,1000.0,1,1,'Fiat 500e Icon',0,1365.0,CURRENT_DATE,'uuid-branch-030'),
('uuid-veh-061','BMW','X5',1,3,'2023-01-01','Preto',620000.0,6,'iDrive 8',83.0,394.0,5,3000.0,6,1,'X5 xDrive50e plug-in',6,2510.0,CURRENT_DATE,'uuid-branch-031'),
('uuid-veh-062','Mercedes-Benz','GLE',1,3,'2022-01-01','Prata',680000.0,6,'MBUX',90.0,367.0,5,8000.0,6,1,'GLE 350 4MATIC',6,2315.0,CURRENT_DATE,'uuid-branch-031'),
('uuid-veh-063','Audi','Q5',1,3,'2023-01-01','Branco',520000.0,6,'MMI',65.0,265.0,5,5000.0,6,1,'Q5 55 TFSI e PHEV',4,2015.0,CURRENT_DATE,'uuid-branch-032'),
('uuid-veh-064','Volkswagen','Arteon',1,6,'2022-01-01','Cinza',380000.0,1,'Discover Pro',64.0,272.0,5,11000.0,1,1,'Arteon R-Line 4Motion',4,1720.0,CURRENT_DATE,'uuid-branch-032'),
('uuid-veh-065','Toyota','Land Cruiser',1,3,'2023-01-01','Branco',700000.0,4,'Toyota Connect',93.0,309.0,8,2000.0,1,1,'Land Cruiser GR Sport',6,2695.0,CURRENT_DATE,'uuid-branch-033'),
('uuid-veh-066','Honda','Pilot',1,3,'2022-01-01','Azul',380000.0,1,'Honda Sensing',73.0,285.0,8,14000.0,1,1,'Pilot Touring AWD',6,2108.0,CURRENT_DATE,'uuid-branch-033'),
('uuid-veh-067','Chevrolet','Blazer EV',1,3,'2023-01-01','Vermelho',420000.0,5,'MyLink',0.0,557.0,5,1000.0,1,1,'Blazer EV RS',0,2277.0,CURRENT_DATE,'uuid-branch-034'),
('uuid-veh-068','Ford','Mustang Mach-E',1,3,'2023-01-01','Preto',390000.0,5,'SYNC 4',0.0,480.0,5,2000.0,1,1,'Mustang Mach-E GT',0,2066.0,CURRENT_DATE,'uuid-branch-034'),
('uuid-veh-069','Jeep','Avenger',1,3,'2023-01-01','Verde',220000.0,5,'Uconnect',0.0,156.0,5,3000.0,1,1,'Avenger Summit elétrico',0,1776.0,CURRENT_DATE,'uuid-branch-035'),
('uuid-veh-070','Hyundai','KONA',1,3,'2023-01-01','Laranja',185000.0,5,'Bluelink',0.0,204.0,5,4000.0,1,1,'KONA Electric Ultimate',0,1820.0,CURRENT_DATE,'uuid-branch-035'),
('uuid-veh-071','Nissan','Ariya',1,3,'2023-01-01','Branco',380000.0,5,'NissanConnect',0.0,306.0,5,2000.0,1,1,'Ariya Evolve+ AWD',0,2175.0,CURRENT_DATE,'uuid-branch-036'),
('uuid-veh-072','Renault','Megane E-Tech',1,4,'2023-01-01','Cinza',320000.0,5,'OpenR',0.0,220.0,5,3000.0,1,1,'Megane E-Tech EV60',0,1624.0,CURRENT_DATE,'uuid-branch-036'),
('uuid-veh-073','Fiat','Argo',1,4,'2022-01-01','Vermelho',79000.0,3,'Uconnect',42.0,109.0,5,20000.0,1,1,'Argo Trekking',4,1155.0,CURRENT_DATE,'uuid-branch-037'),
('uuid-veh-074','Volkswagen','Saveiro',1,5,'2021-01-01','Branco',90000.0,3,'Discover Media',44.0,116.0,2,38000.0,2,1,'Saveiro Cross',4,1276.0,CURRENT_DATE,'uuid-branch-037'),
('uuid-veh-075','Toyota','SW4',1,3,'2022-01-01','Preto',350000.0,4,'Toyota Connect',87.0,177.0,7,16000.0,1,1,'SW4 SRX diesel',4,2400.0,CURRENT_DATE,'uuid-branch-038'),
('uuid-veh-076','Honda','City',1,2,'2023-01-01','Prata',109000.0,6,'Honda Sensing',40.0,98.0,5,5000.0,6,1,'City Hatchback e:HEV',4,1295.0,CURRENT_DATE,'uuid-branch-038'),
('uuid-veh-077','Chevrolet','Spin',1,3,'2022-01-01','Azul',115000.0,3,'MyLink',52.0,116.0,7,22000.0,1,1,'Spin Activ',4,1562.0,CURRENT_DATE,'uuid-branch-039'),
('uuid-veh-078','Ford','Escape',1,3,'2021-01-01','Cinza',195000.0,1,'SYNC 3',56.0,181.0,5,35000.0,2,1,'Escape Titanium',4,1797.0,CURRENT_DATE,'uuid-branch-039'),
('uuid-veh-079','Jeep','Gladiator',1,5,'2022-01-01','Verde',380000.0,1,'Uconnect 10.1',88.0,285.0,5,10000.0,1,1,'Gladiator Rubicon',6,2398.0,CURRENT_DATE,'uuid-branch-040'),
('uuid-veh-080','Hyundai','Elantra',1,2,'2023-01-01','Laranja',115000.0,3,'Bluelink',47.0,201.0,5,5000.0,1,1,'Elantra N Line',4,1460.0,CURRENT_DATE,'uuid-branch-040'),
('uuid-veh-081','Nissan','Pathfinder',1,3,'2022-01-01','Branco',320000.0,1,'NissanConnect',80.0,284.0,7,14000.0,1,1,'Pathfinder Platinum',6,2135.0,CURRENT_DATE,'uuid-branch-041'),
('uuid-veh-082','Renault','Alaskan',1,5,'2021-01-01','Cinza',235000.0,4,'Easy Link',80.0,190.0,5,32000.0,2,1,'Alaskan Iconic',4,2177.0,CURRENT_DATE,'uuid-branch-041'),
('uuid-veh-083','Fiat','Cronos',1,2,'2022-01-01','Prata',87000.0,3,'Uconnect',48.0,109.0,5,24000.0,1,1,'Cronos Drive',4,1200.0,CURRENT_DATE,'uuid-branch-042'),
('uuid-veh-084','BMW','X1',1,3,'2023-01-01','Preto',330000.0,1,'iDrive 7',54.0,192.0,5,6000.0,1,1,'X1 xDrive25i',4,1595.0,CURRENT_DATE,'uuid-branch-042'),
('uuid-veh-085','Mercedes-Benz','Classe A',1,4,'2022-01-01','Branco',280000.0,1,'MBUX',43.0,163.0,5,12000.0,1,1,'A 200 sedan',4,1395.0,CURRENT_DATE,'uuid-branch-043'),
('uuid-veh-086','Audi','A3',1,4,'2023-01-01','Prata',250000.0,1,'MMI',45.0,150.0,5,4000.0,1,1,'A3 Sedan S-Line',4,1435.0,CURRENT_DATE,'uuid-branch-043'),
('uuid-veh-087','Volkswagen','ID.4',1,3,'2023-01-01','Verde',380000.0,5,'ID. Light',0.0,204.0,5,3000.0,1,1,'ID.4 Pro Performance',0,2124.0,CURRENT_DATE,'uuid-branch-044'),
('uuid-veh-088','Toyota','bZ4X',1,3,'2023-01-01','Azul',360000.0,5,'Toyota Connect',0.0,218.0,5,2000.0,1,1,'bZ4X XLE elétrico',0,2100.0,CURRENT_DATE,'uuid-branch-044'),
('uuid-veh-089','Honda','e:Ny1',1,3,'2023-01-01','Vermelho',340000.0,5,'Honda Sensing',0.0,204.0,5,1000.0,1,1,'Honda e:Ny1 Touring',0,2050.0,CURRENT_DATE,'uuid-branch-045'),
('uuid-veh-090','Chevrolet','Bolt EV',1,4,'2022-01-01','Laranja',280000.0,5,'MyLink',0.0,200.0,5,9000.0,1,1,'Bolt EV Premier',0,1624.0,CURRENT_DATE,'uuid-branch-045'),
('uuid-veh-091','Ford','Explorer',1,3,'2022-01-01','Preto',420000.0,1,'SYNC 4',72.0,300.0,7,16000.0,1,1,'Explorer Platinum',6,2178.0,CURRENT_DATE,'uuid-branch-046'),
('uuid-veh-092','Jeep','Cherokee',1,3,'2021-01-01','Cinza',295000.0,1,'Uconnect',60.0,271.0,5,28000.0,2,1,'Cherokee Trailhawk',4,1885.0,CURRENT_DATE,'uuid-branch-046'),
('uuid-veh-093','Hyundai','Palisade',1,3,'2022-01-01','Branco',380000.0,1,'Bluelink',80.0,291.0,8,12000.0,1,1,'Palisade Calligraphy',6,2050.0,CURRENT_DATE,'uuid-branch-047'),
('uuid-veh-094','Nissan','X-Trail',1,3,'2023-01-01','Azul',215000.0,6,'NissanConnect',55.0,213.0,7,4000.0,6,1,'X-Trail e-Power',3,1850.0,CURRENT_DATE,'uuid-branch-047'),
('uuid-veh-095','Renault','Kardian',1,3,'2023-01-01','Laranja',108000.0,3,'Easy Link',44.0,131.0,5,3000.0,1,1,'Kardian Intense turbo',4,1283.0,CURRENT_DATE,'uuid-branch-048'),
('uuid-veh-096','Fiat','Mobi',1,4,'2022-01-01','Vermelho',63000.0,3,'Uconnect',30.0,75.0,5,14000.0,1,1,'Mobi Like',4,876.0,CURRENT_DATE,'uuid-branch-048'),
('uuid-veh-097','Volkswagen','Nivus',1,3,'2023-01-01','Cinza',115000.0,3,'Discover Media',45.0,128.0,5,5000.0,1,1,'Nivus Highline',4,1345.0,CURRENT_DATE,'uuid-branch-049'),
('uuid-veh-098','Toyota','Prius',1,4,'2023-01-01','Branco',210000.0,6,'Toyota Connect',40.0,196.0,5,4000.0,6,1,'Prius Plug-in',4,1580.0,CURRENT_DATE,'uuid-branch-049'),
('uuid-veh-099','Honda','Odyssey',1,3,'2022-01-01','Prata',395000.0,1,'Honda Sensing',75.0,280.0,8,18000.0,1,1,'Odyssey Touring',6,2029.0,CURRENT_DATE,'uuid-branch-050'),
('uuid-veh-100','Chevrolet','Silverado',1,5,'2023-01-01','Preto',450000.0,1,'MyLink',128.0,355.0,5,3000.0,1,1,'Silverado High Country V8',8,2584.0,CURRENT_DATE,'uuid-branch-050');

INSERT INTO tb_land_vehicles (id, transmission_type) VALUES
 ('uuid-veh-001',2),('uuid-veh-002',2),('uuid-veh-003',2),('uuid-veh-004',2),('uuid-veh-005',2),
 ('uuid-veh-006',2),('uuid-veh-007',2),('uuid-veh-008',2),('uuid-veh-009',2),('uuid-veh-010',2),
 ('uuid-veh-011',2),('uuid-veh-012',2),('uuid-veh-013',2),('uuid-veh-014',2),('uuid-veh-015',2),
 ('uuid-veh-016',2),('uuid-veh-017',2),('uuid-veh-018',2),('uuid-veh-019',2),('uuid-veh-020',2),
 ('uuid-veh-021',2),('uuid-veh-022',2),('uuid-veh-023',2),('uuid-veh-024',2),('uuid-veh-025',2),
 ('uuid-veh-026',2),('uuid-veh-027',2),('uuid-veh-028',2),('uuid-veh-029',1),('uuid-veh-030',2),
 ('uuid-veh-031',2),('uuid-veh-032',2),('uuid-veh-033',2),('uuid-veh-034',2),('uuid-veh-035',2),
 ('uuid-veh-036',2),('uuid-veh-037',1),('uuid-veh-038',3),('uuid-veh-039',2),('uuid-veh-040',2),
 ('uuid-veh-041',2),('uuid-veh-042',2),('uuid-veh-043',2),('uuid-veh-044',2),('uuid-veh-045',2),
 ('uuid-veh-046',2),('uuid-veh-047',2),('uuid-veh-048',2),('uuid-veh-049',2),('uuid-veh-050',2),
 ('uuid-veh-051',2),('uuid-veh-052',2),('uuid-veh-053',2),('uuid-veh-054',2),('uuid-veh-055',2),
 ('uuid-veh-056',2),('uuid-veh-057',2),('uuid-veh-058',2),('uuid-veh-059',2),('uuid-veh-060',2),
 ('uuid-veh-061',2),('uuid-veh-062',2),('uuid-veh-063',2),('uuid-veh-064',2),('uuid-veh-065',2),
 ('uuid-veh-066',2),('uuid-veh-067',2),('uuid-veh-068',2),('uuid-veh-069',2),('uuid-veh-070',2),
 ('uuid-veh-071',2),('uuid-veh-072',2),('uuid-veh-073',2),('uuid-veh-074',1),('uuid-veh-075',2),
 ('uuid-veh-076',2),('uuid-veh-077',2),('uuid-veh-078',2),('uuid-veh-079',2),('uuid-veh-080',2),
 ('uuid-veh-081',2),('uuid-veh-082',1),('uuid-veh-083',2),('uuid-veh-084',2),('uuid-veh-085',2),
 ('uuid-veh-086',2),('uuid-veh-087',2),('uuid-veh-088',2),('uuid-veh-089',2),('uuid-veh-090',2),
 ('uuid-veh-091',2),('uuid-veh-092',2),('uuid-veh-093',2),('uuid-veh-094',3),('uuid-veh-095',2),
 ('uuid-veh-096',2),('uuid-veh-097',2),('uuid-veh-098',3),('uuid-veh-099',2),('uuid-veh-100',2);

-- drive_type: FWD, RWD, AWD, 4WD; category guides door count
INSERT INTO tb_cars (id, doors, drive_type, trunk_capacity) VALUES
('uuid-veh-001',4,'FWD',468.0),('uuid-veh-002',4,'FWD',519.0),('uuid-veh-003',3,'FWD',380.0),
('uuid-veh-004',5,'FWD',300.0),('uuid-veh-005',5,'FWD',291.0),('uuid-veh-006',4,'4WD',380.0),
('uuid-veh-007',4,'4WD',498.0),('uuid-veh-008',4,'FWD',432.0),('uuid-veh-009',5,'FWD',290.0),
('uuid-veh-010',2,'RWD',740.0),('uuid-veh-011',4,'4WD',420.0),('uuid-veh-012',4,'4WD',850.0),
('uuid-veh-013',4,'AWD',393.0),('uuid-veh-014',4,'4WD',820.0),('uuid-veh-015',4,'AWD',850.0),
('uuid-veh-016',4,'4WD',330.0),('uuid-veh-017',4,'FWD',433.0),('uuid-veh-018',4,'FWD',432.0),
('uuid-veh-019',4,'4WD',475.0),('uuid-veh-020',4,'4WD',870.0),('uuid-veh-021',5,'FWD',355.0),
('uuid-veh-022',4,'FWD',270.0),('uuid-veh-023',5,'FWD',363.0),('uuid-veh-024',4,'FWD',422.0),
('uuid-veh-025',4,'AWD',510.0),('uuid-veh-026',4,'AWD',498.0),('uuid-veh-027',4,'AWD',513.0),
('uuid-veh-028',4,'4WD',880.0),('uuid-veh-029',5,'FWD',320.0),('uuid-veh-030',4,'FWD',368.0),
('uuid-veh-031',4,'4WD',1090.0),('uuid-veh-032',4,'AWD',580.0),('uuid-veh-033',4,'FWD',355.0),
('uuid-veh-034',2,'RWD',780.0),('uuid-veh-035',4,'AWD',560.0),('uuid-veh-036',2,'4WD',450.0),
('uuid-veh-037',5,'FWD',380.0),('uuid-veh-038',4,'FWD',502.0),('uuid-veh-039',4,'FWD',422.0),
('uuid-veh-040',4,'FWD',480.0),('uuid-veh-041',4,'4WD',615.0),('uuid-veh-042',4,'FWD',524.0),
('uuid-veh-043',4,'FWD',473.0),('uuid-veh-044',5,'FWD',419.0),('uuid-veh-045',4,'AWD',680.0),
('uuid-veh-046',4,'4WD',500.0),('uuid-veh-047',4,'AWD',616.0),('uuid-veh-048',4,'AWD',595.0),
('uuid-veh-049',2,'RWD',780.0),('uuid-veh-050',4,'FWD',790.0),('uuid-veh-051',4,'FWD',510.0),
('uuid-veh-052',4,'AWD',487.0),('uuid-veh-053',4,'AWD',589.0),('uuid-veh-054',4,'AWD',590.0),
('uuid-veh-055',4,'4WD',980.0),('uuid-veh-056',4,'4WD',700.0),('uuid-veh-057',4,'AWD',527.0),
('uuid-veh-058',5,'FWD',420.0),('uuid-veh-059',5,'FWD',338.0),('uuid-veh-060',3,'FWD',185.0),
('uuid-veh-061',4,'4WD',620.0),('uuid-veh-062',4,'4WD',690.0),('uuid-veh-063',4,'AWD',550.0),
('uuid-veh-064',4,'4WD',563.0),('uuid-veh-065',4,'4WD',800.0),('uuid-veh-066',4,'AWD',620.0),
('uuid-veh-067',4,'AWD',890.0),('uuid-veh-068',4,'AWD',402.0),('uuid-veh-069',4,'FWD',355.0),
('uuid-veh-070',4,'FWD',374.0),('uuid-veh-071',4,'AWD',487.0),('uuid-veh-072',5,'FWD',440.0),
('uuid-veh-073',5,'FWD',268.0),('uuid-veh-074',2,'RWD',500.0),('uuid-veh-075',4,'4WD',490.0),
('uuid-veh-076',5,'FWD',270.0),('uuid-veh-077',4,'FWD',550.0),('uuid-veh-078',4,'AWD',503.0),
('uuid-veh-079',4,'4WD',945.0),('uuid-veh-080',4,'FWD',474.0),('uuid-veh-081',4,'AWD',620.0),
('uuid-veh-082',4,'4WD',780.0),('uuid-veh-083',4,'FWD',500.0),('uuid-veh-084',4,'AWD',540.0),
('uuid-veh-085',4,'FWD',370.0),('uuid-veh-086',4,'FWD',425.0),('uuid-veh-087',4,'AWD',543.0),
('uuid-veh-088',4,'AWD',452.0),('uuid-veh-089',4,'AWD',346.0),('uuid-veh-090',5,'FWD',478.0),
('uuid-veh-091',4,'4WD',617.0),('uuid-veh-092',4,'4WD',567.0),('uuid-veh-093',4,'AWD',616.0),
('uuid-veh-094',4,'AWD',585.0),('uuid-veh-095',4,'FWD',380.0),('uuid-veh-096',5,'FWD',257.0),
('uuid-veh-097',4,'FWD',380.0),('uuid-veh-098',4,'FWD',360.0),('uuid-veh-099',4,'AWD',860.0),
('uuid-veh-100',4,'4WD',1500.0);

-- ==========================================
-- 6. INVENTORY (100)
-- ==========================================
INSERT INTO tb_inventory (id, vehicle_id, stock_entry_date, stock_exit_date, acquisition_price, profit_margin, supplier, license_plate, chassis) VALUES
 ('uuid-inv-001','uuid-veh-001','2024-01-05',null,80000.0,0.19,'Toyota Distribuidora','ABC-0001','1HGCM82633A000001'),
 ('uuid-inv-002','uuid-veh-002','2024-01-10',null,82000.0,0.20,'Honda Distribuidora','ABC-0002','1HGCM82633A000002'),
 ('uuid-inv-003','uuid-veh-003','2024-01-15',null,100000.0,0.20,'VW Distribuidora','ABC-0003','1HGCM82633A000003'),
 ('uuid-inv-004','uuid-veh-004','2024-01-20',null,60000.0,0.25,'Hyundai Distribuidora','ABC-0004','1HGCM82633A000004'),
 ('uuid-inv-005','uuid-veh-005','2024-01-25',null,58000.0,0.24,'Chevrolet Distribuidora','ABC-0005','1HGCM82633A000005'),
 ('uuid-inv-006','uuid-veh-006','2024-02-01',null,74000.0,0.22,'Ford Distribuidora','ABC-0006','1HGCM82633A000006'),
 ('uuid-inv-007','uuid-veh-007','2024-02-05',null,162000.0,0.20,'Jeep Distribuidora','ABC-0007','1HGCM82633A000007'),
 ('uuid-inv-008','uuid-veh-008','2024-02-10',null,95000.0,0.21,'Nissan Distribuidora','ABC-0008','1HGCM82633A000008'),
 ('uuid-inv-009','uuid-veh-009','2024-02-15',null,52000.0,0.25,'Renault Distribuidora','ABC-0009','1HGCM82633A000009'),
 ('uuid-inv-010','uuid-veh-010','2024-02-20',null,89000.0,0.24,'Fiat Distribuidora','ABC-0010','1HGCM82633A000010'),
 ('uuid-inv-011','uuid-veh-011','2024-03-01',null,115000.0,0.22,'VW Distribuidora','ABC-0011','1HGCM82633A000011'),
 ('uuid-inv-012','uuid-veh-012','2024-03-05',null,210000.0,0.19,'Toyota Distribuidora','ABC-0012','1HGCM82633A000012'),
 ('uuid-inv-013','uuid-veh-013','2024-03-10',null,148000.0,0.18,'Honda Distribuidora','ABC-0013','1HGCM82633A000013'),
 ('uuid-inv-014','uuid-veh-014','2024-03-15',null,178000.0,0.21,'Chevrolet Distribuidora','ABC-0014','1HGCM82633A000014'),
 ('uuid-inv-015','uuid-veh-015','2024-03-20',null,152000.0,0.22,'Ford Distribuidora','ABC-0015','1HGCM82633A000015'),
 ('uuid-inv-016','uuid-veh-016','2024-04-01',null,113000.0,0.24,'Jeep Distribuidora','ABC-0016','1HGCM82633A000016'),
 ('uuid-inv-017','uuid-veh-017','2024-04-05',null,133000.0,0.20,'Hyundai Distribuidora','ABC-0017','1HGCM82633A000017'),
 ('uuid-inv-018','uuid-veh-018','2024-04-10',null,73000.0,0.22,'Nissan Distribuidora','ABC-0018','1HGCM82633A000018'),
 ('uuid-inv-019','uuid-veh-019','2024-04-15',null,85000.0,0.24,'Renault Distribuidora','ABC-0019','1HGCM82633A000019'),
 ('uuid-inv-020','uuid-veh-020','2024-04-20',null,162000.0,0.20,'Fiat Distribuidora','ABC-0020','1HGCM82633A000020'),
 ('uuid-inv-021','uuid-veh-021','2024-05-01',null,72000.0,0.22,'VW Distribuidora','ABC-0021','1HGCM82633A000021'),
 ('uuid-inv-022','uuid-veh-022','2024-05-05',null,79000.0,0.22,'Toyota Distribuidora','ABC-0022','1HGCM82633A000022'),
 ('uuid-inv-023','uuid-veh-023','2024-05-10',null,67000.0,0.22,'Honda Distribuidora','ABC-0023','1HGCM82633A000023'),
 ('uuid-inv-024','uuid-veh-024','2024-05-15',null,122000.0,0.21,'Chevrolet Distribuidora','ABC-0024','1HGCM82633A000024'),
 ('uuid-inv-025','uuid-veh-025','2024-05-20',null,160000.0,0.22,'Ford Distribuidora','ABC-0025','1HGCM82633A000025'),
 ('uuid-inv-026','uuid-veh-026','2024-06-01',null,400000.0,0.20,'Jeep Distribuidora','ABC-0026','1HGCM82633A000026'),
 ('uuid-inv-027','uuid-veh-027','2024-06-05',null,152000.0,0.22,'Hyundai Distribuidora','ABC-0027','1HGCM82633A000027'),
 ('uuid-inv-028','uuid-veh-028','2024-06-10',null,198000.0,0.21,'Nissan Distribuidora','ABC-0028','1HGCM82633A000028'),
 ('uuid-inv-029','uuid-veh-029','2024-06-15',null,63000.0,0.24,'Renault Distribuidora','ABC-0029','1HGCM82633A000029'),
 ('uuid-inv-030','uuid-veh-030','2024-06-20',null,97000.0,0.23,'Fiat Distribuidora','ABC-0030','1HGCM82633A000030'),
 ('uuid-inv-031','uuid-veh-031','2024-07-01',null,238000.0,0.22,'VW Distribuidora','ABC-0031','1HGCM82633A000031'),
 ('uuid-inv-032','uuid-veh-032','2024-07-05',null,232000.0,0.21,'Toyota Distribuidora','ABC-0032','1HGCM82633A000032'),
 ('uuid-inv-033','uuid-veh-033','2024-07-10',null,97000.0,0.22,'Honda Distribuidora','ABC-0033','1HGCM82633A000033'),
 ('uuid-inv-034','uuid-veh-034','2024-07-15',null,103000.0,0.21,'Chevrolet Distribuidora','ABC-0034','1HGCM82633A000034'),
 ('uuid-inv-035','uuid-veh-035','2024-07-20',null,168000.0,0.22,'Ford Distribuidora','ABC-0035','1HGCM82633A000035'),
 ('uuid-inv-036','uuid-veh-036','2024-08-01',null,313000.0,0.21,'Jeep Distribuidora','ABC-0036','1HGCM82633A000036'),
 ('uuid-inv-037','uuid-veh-037','2024-08-05',null,83000.0,0.23,'Hyundai Distribuidora','ABC-0037','1HGCM82633A000037'),
 ('uuid-inv-038','uuid-veh-038','2024-08-10',null,91000.0,0.21,'Nissan Distribuidora','ABC-0038','1HGCM82633A000038'),
 ('uuid-inv-039','uuid-veh-039','2024-08-15',null,118000.0,0.23,'Renault Distribuidora','ABC-0039','1HGCM82633A000039'),
 ('uuid-inv-040','uuid-veh-040','2024-08-20',null,128000.0,0.21,'Fiat Distribuidora','ABC-0040','1HGCM82633A000040'),
 ('uuid-inv-041','uuid-veh-041','2024-09-01',null,190000.0,0.21,'VW Distribuidora','ABC-0041','1HGCM82633A000041'),
 ('uuid-inv-042','uuid-veh-042','2024-09-05',null,208000.0,0.20,'Toyota Distribuidora','ABC-0042','1HGCM82633A000042'),
 ('uuid-inv-043','uuid-veh-043','2024-09-10',null,219000.0,0.21,'Honda Distribuidora','ABC-0043','1HGCM82633A000043'),
 ('uuid-inv-044','uuid-veh-044','2024-09-15',null,103000.0,0.21,'Chevrolet Distribuidora','ABC-0044','1HGCM82633A000044'),
 ('uuid-inv-045','uuid-veh-045','2024-09-20',null,235000.0,0.21,'Ford Distribuidora','ABC-0045','1HGCM82633A000045'),
 ('uuid-inv-046','uuid-veh-046','2024-10-01',null,222000.0,0.22,'Jeep Distribuidora','ABC-0046','1HGCM82633A000046'),
 ('uuid-inv-047','uuid-veh-047','2024-10-05',null,263000.0,0.22,'Hyundai Distribuidora','ABC-0047','1HGCM82633A000047'),
 ('uuid-inv-048','uuid-veh-048','2024-10-10',null,231000.0,0.21,'Nissan Distribuidora','ABC-0048','1HGCM82633A000048'),
 ('uuid-inv-049','uuid-veh-049','2024-10-15',null,107000.0,0.21,'Renault Distribuidora','ABC-0049','1HGCM82633A000049'),
 ('uuid-inv-050','uuid-veh-050','2024-10-20',null,94000.0,0.22,'Fiat Distribuidora','ABC-0050','1HGCM82633A000050'),
 ('uuid-inv-051','uuid-veh-051','2024-11-01',null,140000.0,0.21,'VW Distribuidora','ABC-0051','1HGCM82633A000051'),
 ('uuid-inv-052','uuid-veh-052','2024-11-05',null,177000.0,0.21,'Toyota Distribuidora','ABC-0052','1HGCM82633A000052'),
 ('uuid-inv-053','uuid-veh-053','2024-11-10',null,205000.0,0.21,'Honda Distribuidora','ABC-0053','1HGCM82633A000053'),
 ('uuid-inv-054','uuid-veh-054','2024-11-15',null,152000.0,0.22,'Chevrolet Distribuidora','ABC-0054','1HGCM82633A000054'),
 ('uuid-inv-055','uuid-veh-055','2024-11-20',null,218000.0,0.22,'Ford Distribuidora','ABC-0055','1HGCM82633A000055'),
 ('uuid-inv-056','uuid-veh-056','2024-12-01',null,255000.0,0.22,'Jeep Distribuidora','ABC-0056','1HGCM82633A000056'),
 ('uuid-inv-057','uuid-veh-057','2024-12-05',null,312000.0,0.22,'Hyundai Distribuidora','ABC-0057','1HGCM82633A000057'),
 ('uuid-inv-058','uuid-veh-058','2024-12-10',null,239000.0,0.21,'Nissan Distribuidora','ABC-0058','1HGCM82633A000058'),
 ('uuid-inv-059','uuid-veh-059','2024-12-15',null,230000.0,0.22,'Renault Distribuidora','ABC-0059','1HGCM82633A000059'),
 ('uuid-inv-060','uuid-veh-060','2024-12-20',null,262000.0,0.22,'Fiat Distribuidora','ABC-0060','1HGCM82633A000060'),
 ('uuid-inv-061','uuid-veh-061','2025-01-05',null,512000.0,0.21,'BMW Distribuidora','ABC-0061','1HGCM82633A000061'),
 ('uuid-inv-062','uuid-veh-062','2025-01-10',null,560000.0,0.21,'Mercedes Distribuidora','ABC-0062','1HGCM82633A000062'),
 ('uuid-inv-063','uuid-veh-063','2025-01-15',null,430000.0,0.21,'Audi Distribuidora','ABC-0063','1HGCM82633A000063'),
 ('uuid-inv-064','uuid-veh-064','2025-01-20',null,312000.0,0.22,'VW Distribuidora','ABC-0064','1HGCM82633A000064'),
 ('uuid-inv-065','uuid-veh-065','2025-02-01',null,580000.0,0.21,'Toyota Distribuidora','ABC-0065','1HGCM82633A000065'),
 ('uuid-inv-066','uuid-veh-066','2025-02-05',null,313000.0,0.21,'Honda Distribuidora','ABC-0066','1HGCM82633A000066'),
 ('uuid-inv-067','uuid-veh-067','2025-02-10',null,346000.0,0.21,'Chevrolet Distribuidora','ABC-0067','1HGCM82633A000067'),
 ('uuid-inv-068','uuid-veh-068','2025-02-15',null,321000.0,0.21,'Ford Distribuidora','ABC-0068','1HGCM82633A000068'),
 ('uuid-inv-069','uuid-veh-069','2025-02-20',null,181000.0,0.22,'Jeep Distribuidora','ABC-0069','1HGCM82633A000069'),
 ('uuid-inv-070','uuid-veh-070','2025-03-01',null,152000.0,0.22,'Hyundai Distribuidora','ABC-0070','1HGCM82633A000070'),
 ('uuid-inv-071','uuid-veh-071','2025-03-05',null,313000.0,0.21,'Nissan Distribuidora','ABC-0071','1HGCM82633A000071'),
 ('uuid-inv-072','uuid-veh-072','2025-03-10',null,263000.0,0.22,'Renault Distribuidora','ABC-0072','1HGCM82633A000072'),
 ('uuid-inv-073','uuid-veh-073','2025-03-15',null,64000.0,0.23,'Fiat Distribuidora','ABC-0073','1HGCM82633A000073'),
 ('uuid-inv-074','uuid-veh-074','2025-03-20',null,73000.0,0.23,'VW Distribuidora','ABC-0074','1HGCM82633A000074'),
 ('uuid-inv-075','uuid-veh-075','2025-04-01',null,289000.0,0.21,'Toyota Distribuidora','ABC-0075','1HGCM82633A000075'),
 ('uuid-inv-076','uuid-veh-076','2025-04-05',null,89000.0,0.22,'Honda Distribuidora','ABC-0076','1HGCM82633A000076'),
 ('uuid-inv-077','uuid-veh-077','2025-04-10',null,94000.0,0.22,'Chevrolet Distribuidora','ABC-0077','1HGCM82633A000077'),
 ('uuid-inv-078','uuid-veh-078','2025-04-15',null,160000.0,0.22,'Ford Distribuidora','ABC-0078','1HGCM82633A000078'),
 ('uuid-inv-079','uuid-veh-079','2025-04-20',null,313000.0,0.21,'Jeep Distribuidora','ABC-0079','1HGCM82633A000079'),
 ('uuid-inv-080','uuid-veh-080','2025-05-01',null,95000.0,0.21,'Hyundai Distribuidora','ABC-0080','1HGCM82633A000080'),
 ('uuid-inv-081','uuid-veh-081','2025-05-05',null,263000.0,0.22,'Nissan Distribuidora','ABC-0081','1HGCM82633A000081'),
 ('uuid-inv-082','uuid-veh-082','2025-05-10',null,193000.0,0.22,'Renault Distribuidora','ABC-0082','1HGCM82633A000082'),
 ('uuid-inv-083','uuid-veh-083','2025-05-15',null,71000.0,0.23,'Fiat Distribuidora','ABC-0083','1HGCM82633A000083'),
 ('uuid-inv-084','uuid-veh-084','2025-05-20',null,272000.0,0.21,'BMW Distribuidora','ABC-0084','1HGCM82633A000084'),
 ('uuid-inv-085','uuid-veh-085','2025-06-01',null,230000.0,0.22,'Mercedes Distribuidora','ABC-0085','1HGCM82633A000085'),
 ('uuid-inv-086','uuid-veh-086','2025-06-05',null,206000.0,0.21,'Audi Distribuidora','ABC-0086','1HGCM82633A000086'),
 ('uuid-inv-087','uuid-veh-087','2025-06-10',null,313000.0,0.21,'VW Distribuidora','ABC-0087','1HGCM82633A000087'),
 ('uuid-inv-088','uuid-veh-088','2025-06-15',null,296000.0,0.22,'Toyota Distribuidora','ABC-0088','1HGCM82633A000088'),
 ('uuid-inv-089','uuid-veh-089','2025-06-20',null,280000.0,0.21,'Honda Distribuidora','ABC-0089','1HGCM82633A000089'),
 ('uuid-inv-090','uuid-veh-090','2025-07-01',null,230000.0,0.22,'Chevrolet Distribuidora','ABC-0090','1HGCM82633A000090'),
 ('uuid-inv-091','uuid-veh-091','2025-07-05',null,346000.0,0.21,'Ford Distribuidora','ABC-0091','1HGCM82633A000091'),
 ('uuid-inv-092','uuid-veh-092','2025-07-10',null,243000.0,0.21,'Jeep Distribuidora','ABC-0092','1HGCM82633A000092'),
 ('uuid-inv-093','uuid-veh-093','2025-07-15',null,313000.0,0.21,'Hyundai Distribuidora','ABC-0093','1HGCM82633A000093'),
 ('uuid-inv-094','uuid-veh-094','2025-07-20',null,177000.0,0.22,'Nissan Distribuidora','ABC-0094','1HGCM82633A000094'),
 ('uuid-inv-095','uuid-veh-095','2025-08-01',null,88000.0,0.23,'Renault Distribuidora','ABC-0095','1HGCM82633A000095'),
 ('uuid-inv-096','uuid-veh-096','2025-08-05',null,51000.0,0.24,'Fiat Distribuidora','ABC-0096','1HGCM82633A000096'),
 ('uuid-inv-097','uuid-veh-097','2025-08-10',null,94000.0,0.22,'VW Distribuidora','ABC-0097','1HGCM82633A000097'),
 ('uuid-inv-098','uuid-veh-098','2025-08-15',null,173000.0,0.21,'Toyota Distribuidora','ABC-0098','1HGCM82633A000098'),
 ('uuid-inv-099','uuid-veh-099','2025-08-20',null,325000.0,0.22,'Honda Distribuidora','ABC-0099','1HGCM82633A000099'),
 ('uuid-inv-100','uuid-veh-100','2025-09-01',null,370000.0,0.22,'Chevrolet Distribuidora','ABC-0100','1HGCM82633A000100');

-- ==========================================
-- 7. SALES & CONTRACTS (100)
-- payment_method: Credit Card, Debit Card, PIX, Bank Transfer, Financing
-- payment_terms: 1=CASH,2=INSTALLMENTS,3=FINANCING,4=LEASING,5=PIX
-- contract_status: 1=SIGNED,2=PENDING,3=CANCELLED
-- ==========================================
INSERT INTO tb_sales (id, seller_id, customer_id, inventory_item_id, sale_date, gross_amount, net_amount, applied_discount, payment_method, installments_number, receipt) VALUES
 ('uuid-sale-001','uuid-sel-001','uuid-cust-001','uuid-inv-001','2024-02-01',95000.0,91000.0,4000.0,'Financing',48,'RC-S001'),
 ('uuid-sale-002','uuid-sel-002','uuid-cust-002','uuid-inv-002','2024-02-05',98000.0,95000.0,3000.0,'Credit Card',12,'RC-S002'),
 ('uuid-sale-003','uuid-sel-003','uuid-cust-003','uuid-inv-003','2024-02-10',120000.0,116000.0,4000.0,'Financing',60,'RC-S003'),
 ('uuid-sale-004','uuid-sel-004','uuid-cust-004','uuid-inv-004','2024-02-15',75000.0,73000.0,2000.0,'PIX',1,'RC-S004'),
 ('uuid-sale-005','uuid-sel-005','uuid-cust-005','uuid-inv-005','2024-02-20',72000.0,70000.0,2000.0,'PIX',1,'RC-S005'),
 ('uuid-sale-006','uuid-sel-006','uuid-cust-006','uuid-inv-006','2024-03-01',90000.0,87000.0,3000.0,'Bank Transfer',1,'RC-S006'),
 ('uuid-sale-007','uuid-sel-007','uuid-cust-007','uuid-inv-007','2024-03-05',195000.0,188000.0,7000.0,'Financing',60,'RC-S007'),
 ('uuid-sale-008','uuid-sel-008','uuid-cust-008','uuid-inv-008','2024-03-10',115000.0,112000.0,3000.0,'Credit Card',24,'RC-S008'),
 ('uuid-sale-009','uuid-sel-009','uuid-cust-009','uuid-inv-009','2024-03-15',65000.0,63500.0,1500.0,'PIX',1,'RC-S009'),
 ('uuid-sale-010','uuid-sel-010','uuid-cust-010','uuid-inv-010','2024-03-20',110000.0,107000.0,3000.0,'Financing',48,'RC-S010'),
 ('uuid-sale-011','uuid-sel-011','uuid-cust-011','uuid-inv-011','2024-04-01',140000.0,136000.0,4000.0,'Financing',60,'RC-S011'),
 ('uuid-sale-012','uuid-sel-012','uuid-cust-012','uuid-inv-012','2024-04-05',250000.0,243000.0,7000.0,'Bank Transfer',1,'RC-S012'),
 ('uuid-sale-013','uuid-sel-013','uuid-cust-013','uuid-inv-013','2024-04-10',175000.0,170000.0,5000.0,'Financing',48,'RC-S013'),
 ('uuid-sale-014','uuid-sel-014','uuid-cust-014','uuid-inv-014','2024-04-15',215000.0,209000.0,6000.0,'Financing',60,'RC-S014'),
 ('uuid-sale-015','uuid-sel-015','uuid-cust-015','uuid-inv-015','2024-04-20',185000.0,180000.0,5000.0,'Financing',48,'RC-S015'),
 ('uuid-sale-016','uuid-sel-016','uuid-cust-016','uuid-inv-016','2024-05-01',140000.0,136500.0,3500.0,'Credit Card',36,'RC-S016'),
 ('uuid-sale-017','uuid-sel-017','uuid-cust-017','uuid-inv-017','2024-05-05',160000.0,156000.0,4000.0,'Financing',60,'RC-S017'),
 ('uuid-sale-018','uuid-sel-018','uuid-cust-018','uuid-inv-018','2024-05-10',89000.0,86500.0,2500.0,'PIX',1,'RC-S018'),
 ('uuid-sale-019','uuid-sel-019','uuid-cust-019','uuid-inv-019','2024-05-15',105000.0,102000.0,3000.0,'Financing',48,'RC-S019'),
 ('uuid-sale-020','uuid-sel-020','uuid-cust-020','uuid-inv-020','2024-05-20',195000.0,190000.0,5000.0,'Financing',60,'RC-S020'),
 ('uuid-sale-021','uuid-sel-021','uuid-cust-021','uuid-inv-021','2024-06-01',88000.0,85500.0,2500.0,'Credit Card',12,'RC-S021'),
 ('uuid-sale-022','uuid-sel-022','uuid-cust-022','uuid-inv-022','2024-06-05',96000.0,93500.0,2500.0,'PIX',1,'RC-S022'),
 ('uuid-sale-023','uuid-sel-023','uuid-cust-023','uuid-inv-023','2024-06-10',82000.0,80000.0,2000.0,'Debit Card',1,'RC-S023'),
 ('uuid-sale-024','uuid-sel-024','uuid-cust-024','uuid-inv-024','2024-06-15',148000.0,144000.0,4000.0,'Financing',60,'RC-S024'),
 ('uuid-sale-025','uuid-sel-025','uuid-cust-025','uuid-inv-025','2024-06-20',195000.0,190000.0,5000.0,'Bank Transfer',1,'RC-S025'),
 ('uuid-sale-026','uuid-sel-026','uuid-cust-026','uuid-inv-026','2024-07-01',480000.0,470000.0,10000.0,'Financing',72,'RC-S026'),
 ('uuid-sale-027','uuid-sel-027','uuid-cust-027','uuid-inv-027','2024-07-05',185000.0,181000.0,4000.0,'Financing',48,'RC-S027'),
 ('uuid-sale-028','uuid-sel-028','uuid-cust-028','uuid-inv-028','2024-07-10',240000.0,234000.0,6000.0,'Financing',60,'RC-S028'),
 ('uuid-sale-029','uuid-sel-029','uuid-cust-029','uuid-inv-029','2024-07-15',78000.0,76000.0,2000.0,'PIX',1,'RC-S029'),
 ('uuid-sale-030','uuid-sel-030','uuid-cust-030','uuid-inv-030','2024-07-20',119000.0,116000.0,3000.0,'Credit Card',24,'RC-S030'),
 ('uuid-sale-031','uuid-sel-031','uuid-cust-031','uuid-inv-031','2024-08-01',290000.0,283000.0,7000.0,'Financing',72,'RC-S031'),
 ('uuid-sale-032','uuid-sel-032','uuid-cust-032','uuid-inv-032','2024-08-05',280000.0,273000.0,7000.0,'Financing',60,'RC-S032'),
 ('uuid-sale-033','uuid-sel-033','uuid-cust-033','uuid-inv-033','2024-08-10',118000.0,115000.0,3000.0,'Credit Card',12,'RC-S033'),
 ('uuid-sale-034','uuid-sel-034','uuid-cust-034','uuid-inv-034','2024-08-15',125000.0,122000.0,3000.0,'Financing',48,'RC-S034'),
 ('uuid-sale-035','uuid-sel-035','uuid-cust-035','uuid-inv-035','2024-08-20',205000.0,200000.0,5000.0,'Financing',60,'RC-S035'),
 ('uuid-sale-036','uuid-sel-036','uuid-cust-036','uuid-inv-036','2024-09-01',380000.0,371000.0,9000.0,'Financing',72,'RC-S036'),
 ('uuid-sale-037','uuid-sel-037','uuid-cust-037','uuid-inv-037','2024-09-05',102000.0,99500.0,2500.0,'Financing',36,'RC-S037'),
 ('uuid-sale-038','uuid-sel-038','uuid-cust-038','uuid-inv-038','2024-09-10',110000.0,107000.0,3000.0,'Credit Card',24,'RC-S038'),
 ('uuid-sale-039','uuid-sel-039','uuid-cust-039','uuid-inv-039','2024-09-15',145000.0,141500.0,3500.0,'Financing',48,'RC-S039'),
 ('uuid-sale-040','uuid-sel-040','uuid-cust-040','uuid-inv-040','2024-09-20',155000.0,151000.0,4000.0,'Financing',60,'RC-S040'),
 ('uuid-sale-041','uuid-sel-041','uuid-cust-041','uuid-inv-041','2024-10-01',230000.0,224000.0,6000.0,'Financing',60,'RC-S041'),
 ('uuid-sale-042','uuid-sel-042','uuid-cust-042','uuid-inv-042','2024-10-05',250000.0,244000.0,6000.0,'Bank Transfer',1,'RC-S042'),
 ('uuid-sale-043','uuid-sel-043','uuid-cust-043','uuid-inv-043','2024-10-10',265000.0,259000.0,6000.0,'Financing',60,'RC-S043'),
 ('uuid-sale-044','uuid-sel-044','uuid-cust-044','uuid-inv-044','2024-10-15',125000.0,122000.0,3000.0,'Credit Card',24,'RC-S044'),
 ('uuid-sale-045','uuid-sel-045','uuid-cust-045','uuid-inv-045','2024-10-20',285000.0,278000.0,7000.0,'Financing',72,'RC-S045'),
 ('uuid-sale-046','uuid-sel-046','uuid-cust-046','uuid-inv-046','2024-11-01',270000.0,263500.0,6500.0,'Financing',60,'RC-S046'),
 ('uuid-sale-047','uuid-sel-047','uuid-cust-047','uuid-inv-047','2024-11-05',320000.0,313000.0,7000.0,'Financing',72,'RC-S047'),
 ('uuid-sale-048','uuid-sel-048','uuid-cust-048','uuid-inv-048','2024-11-10',280000.0,273000.0,7000.0,'Financing',60,'RC-S048'),
 ('uuid-sale-049','uuid-sel-049','uuid-cust-049','uuid-inv-049','2024-11-15',130000.0,127000.0,3000.0,'Credit Card',24,'RC-S049'),
 ('uuid-sale-050','uuid-sel-050','uuid-cust-050','uuid-inv-050','2024-11-20',115000.0,112000.0,3000.0,'PIX',1,'RC-S050'),
 ('uuid-sale-051','uuid-sel-051','uuid-cust-051','uuid-inv-051','2024-12-01',170000.0,165500.0,4500.0,'Financing',48,'RC-S051'),
 ('uuid-sale-052','uuid-sel-052','uuid-cust-052','uuid-inv-052','2024-12-05',215000.0,210000.0,5000.0,'Financing',60,'RC-S052'),
 ('uuid-sale-053','uuid-sel-053','uuid-cust-053','uuid-inv-053','2024-12-10',248000.0,242000.0,6000.0,'Financing',60,'RC-S053'),
 ('uuid-sale-054','uuid-sel-054','uuid-cust-054','uuid-inv-054','2024-12-15',185000.0,180500.0,4500.0,'Credit Card',36,'RC-S054'),
 ('uuid-sale-055','uuid-sel-055','uuid-cust-055','uuid-inv-055','2024-12-20',265000.0,259000.0,6000.0,'Financing',60,'RC-S055'),
 ('uuid-sale-056','uuid-sel-056','uuid-cust-056','uuid-inv-056','2025-01-05',310000.0,303000.0,7000.0,'Financing',72,'RC-S056'),
 ('uuid-sale-057','uuid-sel-057','uuid-cust-057','uuid-inv-057','2025-01-10',380000.0,372000.0,8000.0,'Bank Transfer',1,'RC-S057'),
 ('uuid-sale-058','uuid-sel-058','uuid-cust-058','uuid-inv-058','2025-01-15',290000.0,284000.0,6000.0,'Financing',60,'RC-S058'),
 ('uuid-sale-059','uuid-sel-059','uuid-cust-059','uuid-inv-059','2025-01-20',280000.0,274000.0,6000.0,'Financing',60,'RC-S059'),
 ('uuid-sale-060','uuid-sel-060','uuid-cust-060','uuid-inv-060','2025-02-01',320000.0,313000.0,7000.0,'Financing',72,'RC-S060'),
 ('uuid-sale-061','uuid-sel-061','uuid-cust-061','uuid-inv-061','2025-02-05',620000.0,608000.0,12000.0,'Financing',84,'RC-S061'),
 ('uuid-sale-062','uuid-sel-062','uuid-cust-062','uuid-inv-062','2025-02-10',680000.0,667000.0,13000.0,'Financing',84,'RC-S062'),
 ('uuid-sale-063','uuid-sel-063','uuid-cust-063','uuid-inv-063','2025-02-15',520000.0,509000.0,11000.0,'Financing',72,'RC-S063'),
 ('uuid-sale-064','uuid-sel-064','uuid-cust-064','uuid-inv-064','2025-02-20',380000.0,372000.0,8000.0,'Financing',60,'RC-S064'),
 ('uuid-sale-065','uuid-sel-065','uuid-cust-065','uuid-inv-065','2025-03-01',700000.0,686000.0,14000.0,'Financing',84,'RC-S065'),
 ('uuid-sale-066','uuid-sel-066','uuid-cust-066','uuid-inv-066','2025-03-05',380000.0,372000.0,8000.0,'Financing',60,'RC-S066'),
 ('uuid-sale-067','uuid-sel-067','uuid-cust-067','uuid-inv-067','2025-03-10',420000.0,411000.0,9000.0,'Financing',72,'RC-S067'),
 ('uuid-sale-068','uuid-sel-068','uuid-cust-068','uuid-inv-068','2025-03-15',390000.0,381000.0,9000.0,'Financing',60,'RC-S068'),
 ('uuid-sale-069','uuid-sel-069','uuid-cust-069','uuid-inv-069','2025-03-20',220000.0,215000.0,5000.0,'Financing',60,'RC-S069'),
 ('uuid-sale-070','uuid-sel-070','uuid-cust-070','uuid-inv-070','2025-04-01',185000.0,181000.0,4000.0,'Financing',48,'RC-S070'),
 ('uuid-sale-071','uuid-sel-071','uuid-cust-071','uuid-inv-071','2025-04-05',380000.0,372000.0,8000.0,'Financing',72,'RC-S071'),
 ('uuid-sale-072','uuid-sel-072','uuid-cust-072','uuid-inv-072','2025-04-10',320000.0,313000.0,7000.0,'Financing',60,'RC-S072'),
 ('uuid-sale-073','uuid-sel-073','uuid-cust-073','uuid-inv-073','2025-04-15',79000.0,77000.0,2000.0,'PIX',1,'RC-S073'),
 ('uuid-sale-074','uuid-sel-074','uuid-cust-074','uuid-inv-074','2025-04-20',90000.0,87500.0,2500.0,'Credit Card',12,'RC-S074'),
 ('uuid-sale-075','uuid-sel-075','uuid-cust-075','uuid-inv-075','2025-05-01',350000.0,342000.0,8000.0,'Financing',60,'RC-S075'),
 ('uuid-sale-076','uuid-sel-076','uuid-cust-076','uuid-inv-076','2025-05-05',109000.0,106500.0,2500.0,'PIX',1,'RC-S076'),
 ('uuid-sale-077','uuid-sel-077','uuid-cust-077','uuid-inv-077','2025-05-10',115000.0,112000.0,3000.0,'Credit Card',24,'RC-S077'),
 ('uuid-sale-078','uuid-sel-078','uuid-cust-078','uuid-inv-078','2025-05-15',195000.0,190500.0,4500.0,'Financing',48,'RC-S078'),
 ('uuid-sale-079','uuid-sel-079','uuid-cust-079','uuid-inv-079','2025-05-20',380000.0,372000.0,8000.0,'Financing',72,'RC-S079'),
 ('uuid-sale-080','uuid-sel-080','uuid-cust-080','uuid-inv-080','2025-06-01',115000.0,112000.0,3000.0,'Financing',36,'RC-S080'),
 ('uuid-sale-081','uuid-sel-081','uuid-cust-081','uuid-inv-081','2025-06-05',320000.0,313000.0,7000.0,'Financing',60,'RC-S081'),
 ('uuid-sale-082','uuid-sel-082','uuid-cust-082','uuid-inv-082','2025-06-10',235000.0,229500.0,5500.0,'Financing',60,'RC-S082'),
 ('uuid-sale-083','uuid-sel-083','uuid-cust-083','uuid-inv-083','2025-06-15',87000.0,85000.0,2000.0,'PIX',1,'RC-S083'),
 ('uuid-sale-084','uuid-sel-084','uuid-cust-084','uuid-inv-084','2025-06-20',330000.0,323000.0,7000.0,'Financing',60,'RC-S084'),
 ('uuid-sale-085','uuid-sel-085','uuid-cust-085','uuid-inv-085','2025-07-01',280000.0,274000.0,6000.0,'Financing',60,'RC-S085'),
 ('uuid-sale-086','uuid-sel-086','uuid-cust-086','uuid-inv-086','2025-07-05',250000.0,244500.0,5500.0,'Financing',60,'RC-S086'),
 ('uuid-sale-087','uuid-sel-087','uuid-cust-087','uuid-inv-087','2025-07-10',380000.0,372000.0,8000.0,'Financing',72,'RC-S087'),
 ('uuid-sale-088','uuid-sel-088','uuid-cust-088','uuid-inv-088','2025-07-15',360000.0,352000.0,8000.0,'Financing',72,'RC-S088'),
 ('uuid-sale-089','uuid-sel-089','uuid-cust-089','uuid-inv-089','2025-07-20',340000.0,333000.0,7000.0,'Financing',60,'RC-S089'),
 ('uuid-sale-090','uuid-sel-090','uuid-cust-090','uuid-inv-090','2025-08-01',280000.0,274000.0,6000.0,'Financing',60,'RC-S090'),
 ('uuid-sale-091','uuid-sel-091','uuid-cust-091','uuid-inv-091','2025-08-05',420000.0,411000.0,9000.0,'Financing',72,'RC-S091'),
 ('uuid-sale-092','uuid-sel-092','uuid-cust-092','uuid-inv-092','2025-08-10',295000.0,289000.0,6000.0,'Financing',60,'RC-S092'),
 ('uuid-sale-093','uuid-sel-093','uuid-cust-093','uuid-inv-093','2025-08-15',380000.0,372000.0,8000.0,'Financing',72,'RC-S093'),
 ('uuid-sale-094','uuid-sel-094','uuid-cust-094','uuid-inv-094','2025-08-20',215000.0,210500.0,4500.0,'Financing',48,'RC-S094'),
 ('uuid-sale-095','uuid-sel-095','uuid-cust-095','uuid-inv-095','2025-09-01',108000.0,105500.0,2500.0,'PIX',1,'RC-S095'),
 ('uuid-sale-096','uuid-sel-096','uuid-cust-096','uuid-inv-096','2025-09-05',63000.0,61500.0,1500.0,'PIX',1,'RC-S096'),
 ('uuid-sale-097','uuid-sel-097','uuid-cust-097','uuid-inv-097','2025-09-10',115000.0,112500.0,2500.0,'Credit Card',24,'RC-S097'),
 ('uuid-sale-098','uuid-sel-098','uuid-cust-098','uuid-inv-098','2025-09-15',210000.0,205500.0,4500.0,'Financing',48,'RC-S098'),
 ('uuid-sale-099','uuid-sel-099','uuid-cust-099','uuid-inv-099','2025-09-20',395000.0,386500.0,8500.0,'Financing',72,'RC-S099'),
 ('uuid-sale-100','uuid-sel-100','uuid-cust-100','uuid-inv-100','2025-10-01',450000.0,440000.0,10000.0,'Financing',84,'RC-S100');

INSERT INTO tb_contracts (id, contract_number, sale_id, contract_type, contract_date, delivery_date, total_amount, payment_terms, contract_status, notes, attachments) VALUES
('uuid-cont-001','CN-00001','uuid-sale-001','Sale','2024-02-01','2024-02-16',95000.0,3,1,'Financiamento banco parceiro','contract_001.pdf'),
('uuid-cont-002','CN-00002','uuid-sale-002','Sale','2024-02-05','2024-02-20',98000.0,2,1,'Parcelamento cartão','contract_002.pdf'),
('uuid-cont-003','CN-00003','uuid-sale-003','Sale','2024-02-10','2024-02-25',120000.0,3,1,'Financiamento 60x','contract_003.pdf'),
('uuid-cont-004','CN-00004','uuid-sale-004','Sale','2024-02-15','2024-03-01',75000.0,5,1,'À vista PIX','contract_004.pdf'),
('uuid-cont-005','CN-00005','uuid-sale-005','Sale','2024-02-20','2024-03-06',72000.0,5,1,'À vista PIX','contract_005.pdf'),
('uuid-cont-006','CN-00006','uuid-sale-006','Sale','2024-03-01','2024-03-16',90000.0,1,1,'Transferência bancária','contract_006.pdf'),
('uuid-cont-007','CN-00007','uuid-sale-007','Sale','2024-03-05','2024-03-20',195000.0,3,1,'Financiamento 60x','contract_007.pdf'),
('uuid-cont-008','CN-00008','uuid-sale-008','Sale','2024-03-10','2024-03-25',115000.0,2,1,'Parcelamento 24x','contract_008.pdf'),
('uuid-cont-009','CN-00009','uuid-sale-009','Sale','2024-03-15','2024-03-30',65000.0,5,1,'À vista PIX','contract_009.pdf'),
('uuid-cont-010','CN-00010','uuid-sale-010','Sale','2024-03-20','2024-04-04',110000.0,3,1,'Financiamento 48x','contract_010.pdf'),
('uuid-cont-011','CN-00011','uuid-sale-011','Sale','2024-04-01','2024-04-16',140000.0,3,1,'Financiamento 60x','contract_011.pdf'),
('uuid-cont-012','CN-00012','uuid-sale-012','Sale','2024-04-05','2024-04-20',250000.0,1,1,'Transferência bancária','contract_012.pdf'),
('uuid-cont-013','CN-00013','uuid-sale-013','Sale','2024-04-10','2024-04-25',175000.0,3,1,'Financiamento 48x','contract_013.pdf'),
('uuid-cont-014','CN-00014','uuid-sale-014','Sale','2024-04-15','2024-04-30',215000.0,3,1,'Financiamento 60x','contract_014.pdf'),
('uuid-cont-015','CN-00015','uuid-sale-015','Sale','2024-04-20','2024-05-05',185000.0,3,1,'Financiamento 48x','contract_015.pdf'),
('uuid-cont-016','CN-00016','uuid-sale-016','Sale','2024-05-01','2024-05-16',140000.0,2,1,'Parcelamento 36x','contract_016.pdf'),
('uuid-cont-017','CN-00017','uuid-sale-017','Sale','2024-05-05','2024-05-20',160000.0,3,1,'Financiamento 60x','contract_017.pdf'),
('uuid-cont-018','CN-00018','uuid-sale-018','Sale','2024-05-10','2024-05-25',89000.0,5,1,'À vista PIX','contract_018.pdf'),
('uuid-cont-019','CN-00019','uuid-sale-019','Sale','2024-05-15','2024-05-30',105000.0,3,1,'Financiamento 48x','contract_019.pdf'),
('uuid-cont-020','CN-00020','uuid-sale-020','Sale','2024-05-20','2024-06-04',195000.0,3,1,'Financiamento 60x','contract_020.pdf'),
('uuid-cont-021','CN-00021','uuid-sale-021','Sale','2024-06-01','2024-06-16',88000.0,2,1,'Parcelamento 12x','contract_021.pdf'),
('uuid-cont-022','CN-00022','uuid-sale-022','Sale','2024-06-05','2024-06-20',96000.0,5,1,'À vista PIX','contract_022.pdf'),
('uuid-cont-023','CN-00023','uuid-sale-023','Sale','2024-06-10','2024-06-25',82000.0,1,1,'Débito à vista','contract_023.pdf'),
('uuid-cont-024','CN-00024','uuid-sale-024','Sale','2024-06-15','2024-06-30',148000.0,3,1,'Financiamento 60x','contract_024.pdf'),
('uuid-cont-025','CN-00025','uuid-sale-025','Sale','2024-06-20','2024-07-05',195000.0,1,1,'Transferência bancária','contract_025.pdf'),
('uuid-cont-026','CN-00026','uuid-sale-026','Sale','2024-07-01','2024-07-16',480000.0,3,1,'Financiamento 72x','contract_026.pdf'),
('uuid-cont-027','CN-00027','uuid-sale-027','Sale','2024-07-05','2024-07-20',185000.0,3,1,'Financiamento 48x','contract_027.pdf'),
('uuid-cont-028','CN-00028','uuid-sale-028','Sale','2024-07-10','2024-07-25',240000.0,3,1,'Financiamento 60x','contract_028.pdf'),
('uuid-cont-029','CN-00029','uuid-sale-029','Sale','2024-07-15','2024-07-30',78000.0,5,1,'À vista PIX','contract_029.pdf'),
('uuid-cont-030','CN-00030','uuid-sale-030','Sale','2024-07-20','2024-08-04',119000.0,2,1,'Parcelamento 24x','contract_030.pdf'),
('uuid-cont-031','CN-00031','uuid-sale-031','Sale','2024-08-01','2024-08-16',290000.0,3,1,'Financiamento 72x','contract_031.pdf'),
('uuid-cont-032','CN-00032','uuid-sale-032','Sale','2024-08-05','2024-08-20',280000.0,3,1,'Financiamento 60x','contract_032.pdf'),
('uuid-cont-033','CN-00033','uuid-sale-033','Sale','2024-08-10','2024-08-25',118000.0,2,1,'Parcelamento 12x','contract_033.pdf'),
('uuid-cont-034','CN-00034','uuid-sale-034','Sale','2024-08-15','2024-08-30',125000.0,3,1,'Financiamento 48x','contract_034.pdf'),
('uuid-cont-035','CN-00035','uuid-sale-035','Sale','2024-08-20','2024-09-04',205000.0,3,1,'Financiamento 60x','contract_035.pdf'),
('uuid-cont-036','CN-00036','uuid-sale-036','Sale','2024-09-01','2024-09-16',380000.0,3,1,'Financiamento 72x','contract_036.pdf'),
('uuid-cont-037','CN-00037','uuid-sale-037','Sale','2024-09-05','2024-09-20',102000.0,3,2,'Aguardando assinatura','contract_037.pdf'),
('uuid-cont-038','CN-00038','uuid-sale-038','Sale','2024-09-10','2024-09-25',110000.0,2,1,'Parcelamento 24x','contract_038.pdf'),
('uuid-cont-039','CN-00039','uuid-sale-039','Sale','2024-09-15','2024-09-30',145000.0,3,1,'Financiamento 48x','contract_039.pdf'),
('uuid-cont-040','CN-00040','uuid-sale-040','Sale','2024-09-20','2024-10-05',155000.0,3,1,'Financiamento 60x','contract_040.pdf'),
('uuid-cont-041','CN-00041','uuid-sale-041','Sale','2024-10-01','2024-10-16',230000.0,3,1,'Financiamento 60x','contract_041.pdf'),
('uuid-cont-042','CN-00042','uuid-sale-042','Sale','2024-10-05','2024-10-20',250000.0,1,1,'Transferência bancária','contract_042.pdf'),
('uuid-cont-043','CN-00043','uuid-sale-043','Sale','2024-10-10','2024-10-25',265000.0,3,1,'Financiamento 60x','contract_043.pdf'),
('uuid-cont-044','CN-00044','uuid-sale-044','Sale','2024-10-15','2024-10-30',125000.0,2,1,'Parcelamento 24x','contract_044.pdf'),
('uuid-cont-045','CN-00045','uuid-sale-045','Sale','2024-10-20','2024-11-04',285000.0,3,1,'Financiamento 72x','contract_045.pdf'),
('uuid-cont-046','CN-00046','uuid-sale-046','Sale','2024-11-01','2024-11-16',270000.0,3,1,'Financiamento 60x','contract_046.pdf'),
('uuid-cont-047','CN-00047','uuid-sale-047','Sale','2024-11-05','2024-11-20',320000.0,3,1,'Financiamento 72x','contract_047.pdf'),
('uuid-cont-048','CN-00048','uuid-sale-048','Sale','2024-11-10','2024-11-25',280000.0,3,1,'Financiamento 60x','contract_048.pdf'),
('uuid-cont-049','CN-00049','uuid-sale-049','Sale','2024-11-15','2024-11-30',130000.0,2,1,'Parcelamento 24x','contract_049.pdf'),
('uuid-cont-050','CN-00050','uuid-sale-050','Sale','2024-11-20','2024-12-05',115000.0,5,1,'À vista PIX','contract_050.pdf'),
('uuid-cont-051','CN-00051','uuid-sale-051','Sale','2024-12-01','2024-12-16',170000.0,3,1,'Financiamento 48x','contract_051.pdf'),
('uuid-cont-052','CN-00052','uuid-sale-052','Sale','2024-12-05','2024-12-20',215000.0,3,1,'Financiamento 60x','contract_052.pdf'),
('uuid-cont-053','CN-00053','uuid-sale-053','Sale','2024-12-10','2024-12-25',248000.0,3,1,'Financiamento 60x','contract_053.pdf'),
('uuid-cont-054','CN-00054','uuid-sale-054','Sale','2024-12-15','2024-12-30',185000.0,2,1,'Parcelamento 36x','contract_054.pdf'),
('uuid-cont-055','CN-00055','uuid-sale-055','Sale','2024-12-20','2025-01-04',265000.0,3,1,'Financiamento 60x','contract_055.pdf'),
('uuid-cont-056','CN-00056','uuid-sale-056','Sale','2025-01-05','2025-01-20',310000.0,3,1,'Financiamento 72x','contract_056.pdf'),
('uuid-cont-057','CN-00057','uuid-sale-057','Sale','2025-01-10','2025-01-25',380000.0,1,1,'Transferência bancária','contract_057.pdf'),
('uuid-cont-058','CN-00058','uuid-sale-058','Sale','2025-01-15','2025-01-30',290000.0,3,1,'Financiamento 60x','contract_058.pdf'),
('uuid-cont-059','CN-00059','uuid-sale-059','Sale','2025-01-20','2025-02-04',280000.0,3,1,'Financiamento 60x','contract_059.pdf'),
('uuid-cont-060','CN-00060','uuid-sale-060','Sale','2025-02-01','2025-02-16',320000.0,3,1,'Financiamento 72x','contract_060.pdf'),
('uuid-cont-061','CN-00061','uuid-sale-061','Sale','2025-02-05','2025-02-20',620000.0,3,1,'Financiamento 84x BMW','contract_061.pdf'),
('uuid-cont-062','CN-00062','uuid-sale-062','Sale','2025-02-10','2025-02-25',680000.0,3,1,'Financiamento 84x Mercedes','contract_062.pdf'),
('uuid-cont-063','CN-00063','uuid-sale-063','Sale','2025-02-15','2025-03-02',520000.0,3,1,'Financiamento 72x Audi','contract_063.pdf'),
('uuid-cont-064','CN-00064','uuid-sale-064','Sale','2025-02-20','2025-03-07',380000.0,3,2,'Aguardando assinatura','contract_064.pdf'),
('uuid-cont-065','CN-00065','uuid-sale-065','Sale','2025-03-01','2025-03-16',700000.0,3,1,'Financiamento 84x Land Cruiser','contract_065.pdf'),
('uuid-cont-066','CN-00066','uuid-sale-066','Sale','2025-03-05','2025-03-20',380000.0,3,1,'Financiamento 60x','contract_066.pdf'),
('uuid-cont-067','CN-00067','uuid-sale-067','Sale','2025-03-10','2025-03-25',420000.0,3,1,'Financiamento 72x Blazer EV','contract_067.pdf'),
('uuid-cont-068','CN-00068','uuid-sale-068','Sale','2025-03-15','2025-03-30',390000.0,3,1,'Financiamento 60x Mach-E','contract_068.pdf'),
('uuid-cont-069','CN-00069','uuid-sale-069','Sale','2025-03-20','2025-04-04',220000.0,3,1,'Financiamento 60x Avenger EV','contract_069.pdf'),
('uuid-cont-070','CN-00070','uuid-sale-070','Sale','2025-04-01','2025-04-16',185000.0,3,1,'Financiamento 48x KONA','contract_070.pdf'),
('uuid-cont-071','CN-00071','uuid-sale-071','Sale','2025-04-05','2025-04-20',380000.0,3,1,'Financiamento 72x Ariya','contract_071.pdf'),
('uuid-cont-072','CN-00072','uuid-sale-072','Sale','2025-04-10','2025-04-25',320000.0,3,1,'Financiamento 60x Megane E-Tech','contract_072.pdf'),
('uuid-cont-073','CN-00073','uuid-sale-073','Sale','2025-04-15','2025-04-30',79000.0,5,1,'À vista PIX','contract_073.pdf'),
('uuid-cont-074','CN-00074','uuid-sale-074','Sale','2025-04-20','2025-05-05',90000.0,2,1,'Parcelamento 12x','contract_074.pdf'),
('uuid-cont-075','CN-00075','uuid-sale-075','Sale','2025-05-01','2025-05-16',350000.0,3,1,'Financiamento 60x SW4','contract_075.pdf'),
('uuid-cont-076','CN-00076','uuid-sale-076','Sale','2025-05-05','2025-05-20',109000.0,5,1,'À vista PIX','contract_076.pdf'),
('uuid-cont-077','CN-00077','uuid-sale-077','Sale','2025-05-10','2025-05-25',115000.0,2,1,'Parcelamento 24x','contract_077.pdf'),
('uuid-cont-078','CN-00078','uuid-sale-078','Sale','2025-05-15','2025-05-30',195000.0,3,1,'Financiamento 48x','contract_078.pdf'),
('uuid-cont-079','CN-00079','uuid-sale-079','Sale','2025-05-20','2025-06-04',380000.0,3,1,'Financiamento 72x Gladiator','contract_079.pdf'),
('uuid-cont-080','CN-00080','uuid-sale-080','Sale','2025-06-01','2025-06-16',115000.0,3,1,'Financiamento 36x','contract_080.pdf'),
('uuid-cont-081','CN-00081','uuid-sale-081','Sale','2025-06-05','2025-06-20',320000.0,3,1,'Financiamento 60x','contract_081.pdf'),
('uuid-cont-082','CN-00082','uuid-sale-082','Sale','2025-06-10','2025-06-25',235000.0,3,1,'Financiamento 60x','contract_082.pdf'),
('uuid-cont-083','CN-00083','uuid-sale-083','Sale','2025-06-15','2025-06-30',87000.0,5,1,'À vista PIX','contract_083.pdf'),
('uuid-cont-084','CN-00084','uuid-sale-084','Sale','2025-06-20','2025-07-05',330000.0,3,1,'Financiamento 60x BMW X1','contract_084.pdf'),
('uuid-cont-085','CN-00085','uuid-sale-085','Sale','2025-07-01','2025-07-16',280000.0,3,2,'Aguardando assinatura','contract_085.pdf'),
('uuid-cont-086','CN-00086','uuid-sale-086','Sale','2025-07-05','2025-07-20',250000.0,3,1,'Financiamento 60x Audi A3','contract_086.pdf'),
('uuid-cont-087','CN-00087','uuid-sale-087','Sale','2025-07-10','2025-07-25',380000.0,3,1,'Financiamento 72x ID.4','contract_087.pdf'),
('uuid-cont-088','CN-00088','uuid-sale-088','Sale','2025-07-15','2025-07-30',360000.0,3,1,'Financiamento 72x bZ4X','contract_088.pdf'),
('uuid-cont-089','CN-00089','uuid-sale-089','Sale','2025-07-20','2025-08-04',340000.0,3,1,'Financiamento 60x e:Ny1','contract_089.pdf'),
('uuid-cont-090','CN-00090','uuid-sale-090','Sale','2025-08-01','2025-08-16',280000.0,3,1,'Financiamento 60x Bolt EV','contract_090.pdf'),
('uuid-cont-091','CN-00091','uuid-sale-091','Sale','2025-08-05','2025-08-20',420000.0,3,1,'Financiamento 72x Explorer','contract_091.pdf'),
('uuid-cont-092','CN-00092','uuid-sale-092','Sale','2025-08-10','2025-08-25',295000.0,3,1,'Financiamento 60x Cherokee','contract_092.pdf'),
('uuid-cont-093','CN-00093','uuid-sale-093','Sale','2025-08-15','2025-08-30',380000.0,3,1,'Financiamento 72x Palisade','contract_093.pdf'),
('uuid-cont-094','CN-00094','uuid-sale-094','Sale','2025-08-20','2025-09-04',215000.0,3,1,'Financiamento 48x X-Trail','contract_094.pdf'),
('uuid-cont-095','CN-00095','uuid-sale-095','Sale','2025-09-01','2025-09-16',108000.0,5,1,'À vista PIX','contract_095.pdf'),
('uuid-cont-096','CN-00096','uuid-sale-096','Sale','2025-09-05','2025-09-20',63000.0,5,1,'À vista PIX','contract_096.pdf'),
('uuid-cont-097','CN-00097','uuid-sale-097','Sale','2025-09-10','2025-09-25',115000.0,2,1,'Parcelamento 24x','contract_097.pdf'),
('uuid-cont-098','CN-00098','uuid-sale-098','Sale','2025-09-15','2025-09-30',210000.0,3,1,'Financiamento 48x Prius','contract_098.pdf'),
('uuid-cont-099','CN-00099','uuid-sale-099','Sale','2025-09-20','2025-10-05',395000.0,3,1,'Financiamento 72x Odyssey','contract_099.pdf'),
('uuid-cont-100','CN-00100','uuid-sale-100','Sale','2025-10-01','2025-10-16',450000.0,3,1,'Financiamento 84x Silverado','contract_100.pdf');

UPDATE tb_sales SET contract_id='uuid-cont-001' WHERE id='uuid-sale-001';
UPDATE tb_sales SET contract_id='uuid-cont-002' WHERE id='uuid-sale-002';
UPDATE tb_sales SET contract_id='uuid-cont-003' WHERE id='uuid-sale-003';
UPDATE tb_sales SET contract_id='uuid-cont-004' WHERE id='uuid-sale-004';
UPDATE tb_sales SET contract_id='uuid-cont-005' WHERE id='uuid-sale-005';
UPDATE tb_sales SET contract_id='uuid-cont-006' WHERE id='uuid-sale-006';
UPDATE tb_sales SET contract_id='uuid-cont-007' WHERE id='uuid-sale-007';
UPDATE tb_sales SET contract_id='uuid-cont-008' WHERE id='uuid-sale-008';
UPDATE tb_sales SET contract_id='uuid-cont-009' WHERE id='uuid-sale-009';
UPDATE tb_sales SET contract_id='uuid-cont-010' WHERE id='uuid-sale-010';
UPDATE tb_sales SET contract_id='uuid-cont-011' WHERE id='uuid-sale-011';
UPDATE tb_sales SET contract_id='uuid-cont-012' WHERE id='uuid-sale-012';
UPDATE tb_sales SET contract_id='uuid-cont-013' WHERE id='uuid-sale-013';
UPDATE tb_sales SET contract_id='uuid-cont-014' WHERE id='uuid-sale-014';
UPDATE tb_sales SET contract_id='uuid-cont-015' WHERE id='uuid-sale-015';
UPDATE tb_sales SET contract_id='uuid-cont-016' WHERE id='uuid-sale-016';
UPDATE tb_sales SET contract_id='uuid-cont-017' WHERE id='uuid-sale-017';
UPDATE tb_sales SET contract_id='uuid-cont-018' WHERE id='uuid-sale-018';
UPDATE tb_sales SET contract_id='uuid-cont-019' WHERE id='uuid-sale-019';
UPDATE tb_sales SET contract_id='uuid-cont-020' WHERE id='uuid-sale-020';
UPDATE tb_sales SET contract_id='uuid-cont-021' WHERE id='uuid-sale-021';
UPDATE tb_sales SET contract_id='uuid-cont-022' WHERE id='uuid-sale-022';
UPDATE tb_sales SET contract_id='uuid-cont-023' WHERE id='uuid-sale-023';
UPDATE tb_sales SET contract_id='uuid-cont-024' WHERE id='uuid-sale-024';
UPDATE tb_sales SET contract_id='uuid-cont-025' WHERE id='uuid-sale-025';
UPDATE tb_sales SET contract_id='uuid-cont-026' WHERE id='uuid-sale-026';
UPDATE tb_sales SET contract_id='uuid-cont-027' WHERE id='uuid-sale-027';
UPDATE tb_sales SET contract_id='uuid-cont-028' WHERE id='uuid-sale-028';
UPDATE tb_sales SET contract_id='uuid-cont-029' WHERE id='uuid-sale-029';
UPDATE tb_sales SET contract_id='uuid-cont-030' WHERE id='uuid-sale-030';
UPDATE tb_sales SET contract_id='uuid-cont-031' WHERE id='uuid-sale-031';
UPDATE tb_sales SET contract_id='uuid-cont-032' WHERE id='uuid-sale-032';
UPDATE tb_sales SET contract_id='uuid-cont-033' WHERE id='uuid-sale-033';
UPDATE tb_sales SET contract_id='uuid-cont-034' WHERE id='uuid-sale-034';
UPDATE tb_sales SET contract_id='uuid-cont-035' WHERE id='uuid-sale-035';
UPDATE tb_sales SET contract_id='uuid-cont-036' WHERE id='uuid-sale-036';
UPDATE tb_sales SET contract_id='uuid-cont-037' WHERE id='uuid-sale-037';
UPDATE tb_sales SET contract_id='uuid-cont-038' WHERE id='uuid-sale-038';
UPDATE tb_sales SET contract_id='uuid-cont-039' WHERE id='uuid-sale-039';
UPDATE tb_sales SET contract_id='uuid-cont-040' WHERE id='uuid-sale-040';
UPDATE tb_sales SET contract_id='uuid-cont-041' WHERE id='uuid-sale-041';
UPDATE tb_sales SET contract_id='uuid-cont-042' WHERE id='uuid-sale-042';
UPDATE tb_sales SET contract_id='uuid-cont-043' WHERE id='uuid-sale-043';
UPDATE tb_sales SET contract_id='uuid-cont-044' WHERE id='uuid-sale-044';
UPDATE tb_sales SET contract_id='uuid-cont-045' WHERE id='uuid-sale-045';
UPDATE tb_sales SET contract_id='uuid-cont-046' WHERE id='uuid-sale-046';
UPDATE tb_sales SET contract_id='uuid-cont-047' WHERE id='uuid-sale-047';
UPDATE tb_sales SET contract_id='uuid-cont-048' WHERE id='uuid-sale-048';
UPDATE tb_sales SET contract_id='uuid-cont-049' WHERE id='uuid-sale-049';
UPDATE tb_sales SET contract_id='uuid-cont-050' WHERE id='uuid-sale-050';
UPDATE tb_sales SET contract_id='uuid-cont-051' WHERE id='uuid-sale-051';
UPDATE tb_sales SET contract_id='uuid-cont-052' WHERE id='uuid-sale-052';
UPDATE tb_sales SET contract_id='uuid-cont-053' WHERE id='uuid-sale-053';
UPDATE tb_sales SET contract_id='uuid-cont-054' WHERE id='uuid-sale-054';
UPDATE tb_sales SET contract_id='uuid-cont-055' WHERE id='uuid-sale-055';
UPDATE tb_sales SET contract_id='uuid-cont-056' WHERE id='uuid-sale-056';
UPDATE tb_sales SET contract_id='uuid-cont-057' WHERE id='uuid-sale-057';
UPDATE tb_sales SET contract_id='uuid-cont-058' WHERE id='uuid-sale-058';
UPDATE tb_sales SET contract_id='uuid-cont-059' WHERE id='uuid-sale-059';
UPDATE tb_sales SET contract_id='uuid-cont-060' WHERE id='uuid-sale-060';
UPDATE tb_sales SET contract_id='uuid-cont-061' WHERE id='uuid-sale-061';
UPDATE tb_sales SET contract_id='uuid-cont-062' WHERE id='uuid-sale-062';
UPDATE tb_sales SET contract_id='uuid-cont-063' WHERE id='uuid-sale-063';
UPDATE tb_sales SET contract_id='uuid-cont-064' WHERE id='uuid-sale-064';
UPDATE tb_sales SET contract_id='uuid-cont-065' WHERE id='uuid-sale-065';
UPDATE tb_sales SET contract_id='uuid-cont-066' WHERE id='uuid-sale-066';
UPDATE tb_sales SET contract_id='uuid-cont-067' WHERE id='uuid-sale-067';
UPDATE tb_sales SET contract_id='uuid-cont-068' WHERE id='uuid-sale-068';
UPDATE tb_sales SET contract_id='uuid-cont-069' WHERE id='uuid-sale-069';
UPDATE tb_sales SET contract_id='uuid-cont-070' WHERE id='uuid-sale-070';
UPDATE tb_sales SET contract_id='uuid-cont-071' WHERE id='uuid-sale-071';
UPDATE tb_sales SET contract_id='uuid-cont-072' WHERE id='uuid-sale-072';
UPDATE tb_sales SET contract_id='uuid-cont-073' WHERE id='uuid-sale-073';
UPDATE tb_sales SET contract_id='uuid-cont-074' WHERE id='uuid-sale-074';
UPDATE tb_sales SET contract_id='uuid-cont-075' WHERE id='uuid-sale-075';
UPDATE tb_sales SET contract_id='uuid-cont-076' WHERE id='uuid-sale-076';
UPDATE tb_sales SET contract_id='uuid-cont-077' WHERE id='uuid-sale-077';
UPDATE tb_sales SET contract_id='uuid-cont-078' WHERE id='uuid-sale-078';
UPDATE tb_sales SET contract_id='uuid-cont-079' WHERE id='uuid-sale-079';
UPDATE tb_sales SET contract_id='uuid-cont-080' WHERE id='uuid-sale-080';
UPDATE tb_sales SET contract_id='uuid-cont-081' WHERE id='uuid-sale-081';
UPDATE tb_sales SET contract_id='uuid-cont-082' WHERE id='uuid-sale-082';
UPDATE tb_sales SET contract_id='uuid-cont-083' WHERE id='uuid-sale-083';
UPDATE tb_sales SET contract_id='uuid-cont-084' WHERE id='uuid-sale-084';
UPDATE tb_sales SET contract_id='uuid-cont-085' WHERE id='uuid-sale-085';
UPDATE tb_sales SET contract_id='uuid-cont-086' WHERE id='uuid-sale-086';
UPDATE tb_sales SET contract_id='uuid-cont-087' WHERE id='uuid-sale-087';
UPDATE tb_sales SET contract_id='uuid-cont-088' WHERE id='uuid-sale-088';
UPDATE tb_sales SET contract_id='uuid-cont-089' WHERE id='uuid-sale-089';
UPDATE tb_sales SET contract_id='uuid-cont-090' WHERE id='uuid-sale-090';
UPDATE tb_sales SET contract_id='uuid-cont-091' WHERE id='uuid-sale-091';
UPDATE tb_sales SET contract_id='uuid-cont-092' WHERE id='uuid-sale-092';
UPDATE tb_sales SET contract_id='uuid-cont-093' WHERE id='uuid-sale-093';
UPDATE tb_sales SET contract_id='uuid-cont-094' WHERE id='uuid-sale-094';
UPDATE tb_sales SET contract_id='uuid-cont-095' WHERE id='uuid-sale-095';
UPDATE tb_sales SET contract_id='uuid-cont-096' WHERE id='uuid-sale-096';
UPDATE tb_sales SET contract_id='uuid-cont-097' WHERE id='uuid-sale-097';
UPDATE tb_sales SET contract_id='uuid-cont-098' WHERE id='uuid-sale-098';
UPDATE tb_sales SET contract_id='uuid-cont-099' WHERE id='uuid-sale-099';
UPDATE tb_sales SET contract_id='uuid-cont-100' WHERE id='uuid-sale-100';

-- ==========================================
-- 8. APPOINTMENTS (100)
-- appointment_type: 1=TEST_DRIVE, 2=MAINTENANCE, 3=CONSULTATION
-- appointment_status: 1=PENDING, 2=CONFIRMED, 3=COMPLETED, 4=CANCELLED
-- ==========================================
INSERT INTO tb_appointments (id, date, appointment_type, appointment_status, customer_id, seller_id) VALUES
 ('uuid-appt-001', CURRENT_DATE + INTERVAL '1 day',1, 2, 'uuid-cust-001', 'uuid-sel-001'),
 ('uuid-appt-002', CURRENT_DATE + INTERVAL '2 days',1, 1, 'uuid-cust-002', 'uuid-sel-002'),
 ('uuid-appt-003', CURRENT_DATE + INTERVAL '3 days',2, 2, 'uuid-cust-003', 'uuid-sel-003'),
 ('uuid-appt-004', CURRENT_DATE + INTERVAL '4 days',1, 1, 'uuid-cust-004', 'uuid-sel-004'),
 ('uuid-appt-005', CURRENT_DATE + INTERVAL '5 days',3, 2, 'uuid-cust-005', 'uuid-sel-005'),
 ('uuid-appt-006', CURRENT_DATE + INTERVAL '6 days',1, 3, 'uuid-cust-006', 'uuid-sel-006'),
 ('uuid-appt-007', CURRENT_DATE + INTERVAL '7 days',2, 2, 'uuid-cust-007', 'uuid-sel-007'),
 ('uuid-appt-008', CURRENT_DATE + INTERVAL '8 days',1, 1, 'uuid-cust-008', 'uuid-sel-008'),
 ('uuid-appt-009', CURRENT_DATE + INTERVAL '9 days',3, 2, 'uuid-cust-009', 'uuid-sel-009'),
 ('uuid-appt-010', CURRENT_DATE + INTERVAL '10 days', 1, 4, 'uuid-cust-010', 'uuid-sel-010'),
 ('uuid-appt-011', CURRENT_DATE + INTERVAL '11 days', 1, 2, 'uuid-cust-011', 'uuid-sel-011'),
 ('uuid-appt-012', CURRENT_DATE + INTERVAL '12 days', 2, 1, 'uuid-cust-012', 'uuid-sel-012'),
 ('uuid-appt-013', CURRENT_DATE + INTERVAL '13 days', 1, 2, 'uuid-cust-013', 'uuid-sel-013'),
 ('uuid-appt-014', CURRENT_DATE + INTERVAL '14 days', 3, 3, 'uuid-cust-014', 'uuid-sel-014'),
 ('uuid-appt-015', CURRENT_DATE + INTERVAL '15 days', 1, 1, 'uuid-cust-015', 'uuid-sel-015'),
 ('uuid-appt-016', CURRENT_DATE + INTERVAL '16 days', 2, 2, 'uuid-cust-016', 'uuid-sel-016'),
 ('uuid-appt-017', CURRENT_DATE + INTERVAL '17 days', 1, 1, 'uuid-cust-017', 'uuid-sel-017'),
 ('uuid-appt-018', CURRENT_DATE + INTERVAL '18 days', 3, 4, 'uuid-cust-018', 'uuid-sel-018'),
 ('uuid-appt-019', CURRENT_DATE + INTERVAL '19 days', 1, 2, 'uuid-cust-019', 'uuid-sel-019'),
 ('uuid-appt-020', CURRENT_DATE + INTERVAL '20 days', 1, 3, 'uuid-cust-020', 'uuid-sel-020'),
 ('uuid-appt-021', CURRENT_DATE + INTERVAL '21 days', 2, 1, 'uuid-cust-021', 'uuid-sel-021'),
 ('uuid-appt-022', CURRENT_DATE + INTERVAL '22 days', 1, 2, 'uuid-cust-022', 'uuid-sel-022'),
 ('uuid-appt-023', CURRENT_DATE + INTERVAL '23 days', 3, 2, 'uuid-cust-023', 'uuid-sel-023'),
 ('uuid-appt-024', CURRENT_DATE + INTERVAL '24 days', 1, 1, 'uuid-cust-024', 'uuid-sel-024'),
 ('uuid-appt-025', CURRENT_DATE + INTERVAL '25 days', 2, 3, 'uuid-cust-025', 'uuid-sel-025'),
 ('uuid-appt-026', CURRENT_DATE + INTERVAL '26 days', 1, 2, 'uuid-cust-026', 'uuid-sel-026'),
 ('uuid-appt-027', CURRENT_DATE + INTERVAL '27 days', 1, 4, 'uuid-cust-027', 'uuid-sel-027'),
 ('uuid-appt-028', CURRENT_DATE + INTERVAL '28 days', 3, 1, 'uuid-cust-028', 'uuid-sel-028'),
 ('uuid-appt-029', CURRENT_DATE + INTERVAL '29 days', 1, 2, 'uuid-cust-029', 'uuid-sel-029'),
 ('uuid-appt-030', CURRENT_DATE + INTERVAL '30 days', 2, 2, 'uuid-cust-030', 'uuid-sel-030'),
 ('uuid-appt-031', CURRENT_DATE + INTERVAL '31 days', 1, 1, 'uuid-cust-031', 'uuid-sel-031'),
 ('uuid-appt-032', CURRENT_DATE + INTERVAL '32 days', 3, 3, 'uuid-cust-032', 'uuid-sel-032'),
 ('uuid-appt-033', CURRENT_DATE + INTERVAL '33 days', 1, 2, 'uuid-cust-033', 'uuid-sel-033'),
 ('uuid-appt-034', CURRENT_DATE + INTERVAL '34 days', 2, 1, 'uuid-cust-034', 'uuid-sel-034'),
 ('uuid-appt-035', CURRENT_DATE + INTERVAL '35 days', 1, 2, 'uuid-cust-035', 'uuid-sel-035'),
 ('uuid-appt-036', CURRENT_DATE + INTERVAL '36 days', 1, 4, 'uuid-cust-036', 'uuid-sel-036'),
 ('uuid-appt-037', CURRENT_DATE + INTERVAL '37 days', 3, 2, 'uuid-cust-037', 'uuid-sel-037'),
 ('uuid-appt-038', CURRENT_DATE + INTERVAL '38 days', 1, 1, 'uuid-cust-038', 'uuid-sel-038'),
 ('uuid-appt-039', CURRENT_DATE + INTERVAL '39 days', 2, 3, 'uuid-cust-039', 'uuid-sel-039'),
 ('uuid-appt-040', CURRENT_DATE + INTERVAL '40 days', 1, 2, 'uuid-cust-040', 'uuid-sel-040'),
 ('uuid-appt-041', CURRENT_DATE + INTERVAL '41 days', 1, 1, 'uuid-cust-041', 'uuid-sel-041'),
 ('uuid-appt-042', CURRENT_DATE + INTERVAL '42 days', 3, 2, 'uuid-cust-042', 'uuid-sel-042'),
 ('uuid-appt-043', CURRENT_DATE + INTERVAL '43 days', 2, 4, 'uuid-cust-043', 'uuid-sel-043'),
 ('uuid-appt-044', CURRENT_DATE + INTERVAL '44 days', 1, 2, 'uuid-cust-044', 'uuid-sel-044'),
 ('uuid-appt-045', CURRENT_DATE + INTERVAL '45 days', 1, 3, 'uuid-cust-045', 'uuid-sel-045'),
 ('uuid-appt-046', CURRENT_DATE + INTERVAL '46 days', 3, 1, 'uuid-cust-046', 'uuid-sel-046'),
 ('uuid-appt-047', CURRENT_DATE + INTERVAL '47 days', 1, 2, 'uuid-cust-047', 'uuid-sel-047'),
 ('uuid-appt-048', CURRENT_DATE + INTERVAL '48 days', 2, 2, 'uuid-cust-048', 'uuid-sel-048'),
 ('uuid-appt-049', CURRENT_DATE + INTERVAL '49 days', 1, 1, 'uuid-cust-049', 'uuid-sel-049'),
 ('uuid-appt-050', CURRENT_DATE + INTERVAL '50 days', 1, 2, 'uuid-cust-050', 'uuid-sel-050'),
 ('uuid-appt-051', CURRENT_DATE + INTERVAL '51 days', 3, 3, 'uuid-cust-051', 'uuid-sel-051'),
 ('uuid-appt-052', CURRENT_DATE + INTERVAL '52 days', 1, 1, 'uuid-cust-052', 'uuid-sel-052'),
 ('uuid-appt-053', CURRENT_DATE + INTERVAL '53 days', 2, 2, 'uuid-cust-053', 'uuid-sel-053'),
 ('uuid-appt-054', CURRENT_DATE + INTERVAL '54 days', 1, 4, 'uuid-cust-054', 'uuid-sel-054'),
 ('uuid-appt-055', CURRENT_DATE + INTERVAL '55 days', 1, 2, 'uuid-cust-055', 'uuid-sel-055'),
 ('uuid-appt-056', CURRENT_DATE + INTERVAL '56 days', 3, 1, 'uuid-cust-056', 'uuid-sel-056'),
 ('uuid-appt-057', CURRENT_DATE + INTERVAL '57 days', 1, 2, 'uuid-cust-057', 'uuid-sel-057'),
 ('uuid-appt-058', CURRENT_DATE + INTERVAL '58 days', 2, 3, 'uuid-cust-058', 'uuid-sel-058'),
 ('uuid-appt-059', CURRENT_DATE + INTERVAL '59 days', 1, 2, 'uuid-cust-059', 'uuid-sel-059'),
 ('uuid-appt-060', CURRENT_DATE + INTERVAL '60 days', 1, 1, 'uuid-cust-060', 'uuid-sel-060'),
 ('uuid-appt-061', CURRENT_DATE + INTERVAL '61 days', 3, 2, 'uuid-cust-061', 'uuid-sel-061'),
 ('uuid-appt-062', CURRENT_DATE + INTERVAL '62 days', 1, 2, 'uuid-cust-062', 'uuid-sel-062'),
 ('uuid-appt-063', CURRENT_DATE + INTERVAL '63 days', 2, 4, 'uuid-cust-063', 'uuid-sel-063'),
 ('uuid-appt-064', CURRENT_DATE + INTERVAL '64 days', 1, 1, 'uuid-cust-064', 'uuid-sel-064'),
 ('uuid-appt-065', CURRENT_DATE + INTERVAL '65 days', 1, 2, 'uuid-cust-065', 'uuid-sel-065'),
 ('uuid-appt-066', CURRENT_DATE + INTERVAL '66 days', 3, 3, 'uuid-cust-066', 'uuid-sel-066'),
 ('uuid-appt-067', CURRENT_DATE + INTERVAL '67 days', 1, 2, 'uuid-cust-067', 'uuid-sel-067'),
 ('uuid-appt-068', CURRENT_DATE + INTERVAL '68 days', 2, 1, 'uuid-cust-068', 'uuid-sel-068'),
 ('uuid-appt-069', CURRENT_DATE + INTERVAL '69 days', 1, 2, 'uuid-cust-069', 'uuid-sel-069'),
 ('uuid-appt-070', CURRENT_DATE + INTERVAL '70 days', 1, 4, 'uuid-cust-070', 'uuid-sel-070'),
 ('uuid-appt-071', CURRENT_DATE + INTERVAL '71 days', 3, 2, 'uuid-cust-071', 'uuid-sel-071'),
 ('uuid-appt-072', CURRENT_DATE + INTERVAL '72 days', 1, 1, 'uuid-cust-072', 'uuid-sel-072'),
 ('uuid-appt-073', CURRENT_DATE + INTERVAL '73 days', 2, 2, 'uuid-cust-073', 'uuid-sel-073'),
 ('uuid-appt-074', CURRENT_DATE + INTERVAL '74 days', 1, 3, 'uuid-cust-074', 'uuid-sel-074'),
 ('uuid-appt-075', CURRENT_DATE + INTERVAL '75 days', 1, 2, 'uuid-cust-075', 'uuid-sel-075'),
 ('uuid-appt-076', CURRENT_DATE + INTERVAL '76 days', 3, 1, 'uuid-cust-076', 'uuid-sel-076'),
 ('uuid-appt-077', CURRENT_DATE + INTERVAL '77 days', 1, 2, 'uuid-cust-077', 'uuid-sel-077'),
 ('uuid-appt-078', CURRENT_DATE + INTERVAL '78 days', 2, 4, 'uuid-cust-078', 'uuid-sel-078'),
 ('uuid-appt-079', CURRENT_DATE + INTERVAL '79 days', 1, 2, 'uuid-cust-079', 'uuid-sel-079'),
 ('uuid-appt-080', CURRENT_DATE + INTERVAL '80 days', 1, 1, 'uuid-cust-080', 'uuid-sel-080'),
 ('uuid-appt-081', CURRENT_DATE + INTERVAL '81 days', 3, 2, 'uuid-cust-081', 'uuid-sel-081'),
 ('uuid-appt-082', CURRENT_DATE + INTERVAL '82 days', 1, 3, 'uuid-cust-082', 'uuid-sel-082'),
 ('uuid-appt-083', CURRENT_DATE + INTERVAL '83 days', 2, 2, 'uuid-cust-083', 'uuid-sel-083'),
 ('uuid-appt-084', CURRENT_DATE + INTERVAL '84 days', 1, 1, 'uuid-cust-084', 'uuid-sel-084'),
 ('uuid-appt-085', CURRENT_DATE + INTERVAL '85 days', 1, 2, 'uuid-cust-085', 'uuid-sel-085'),
 ('uuid-appt-086', CURRENT_DATE + INTERVAL '86 days', 3, 4, 'uuid-cust-086', 'uuid-sel-086'),
 ('uuid-appt-087', CURRENT_DATE + INTERVAL '87 days', 1, 2, 'uuid-cust-087', 'uuid-sel-087'),
 ('uuid-appt-088', CURRENT_DATE + INTERVAL '88 days', 2, 1, 'uuid-cust-088', 'uuid-sel-088'),
 ('uuid-appt-089', CURRENT_DATE + INTERVAL '89 days', 1, 2, 'uuid-cust-089', 'uuid-sel-089'),
 ('uuid-appt-090', CURRENT_DATE + INTERVAL '90 days', 1, 3, 'uuid-cust-090', 'uuid-sel-090'),
 ('uuid-appt-091', CURRENT_DATE + INTERVAL '91 days', 3, 2, 'uuid-cust-091', 'uuid-sel-091'),
 ('uuid-appt-092', CURRENT_DATE + INTERVAL '92 days', 1, 1, 'uuid-cust-092', 'uuid-sel-092'),
 ('uuid-appt-093', CURRENT_DATE + INTERVAL '93 days', 2, 2, 'uuid-cust-093', 'uuid-sel-093'),
 ('uuid-appt-094', CURRENT_DATE + INTERVAL '94 days', 1, 4, 'uuid-cust-094', 'uuid-sel-094'),
 ('uuid-appt-095', CURRENT_DATE + INTERVAL '95 days', 1, 2, 'uuid-cust-095', 'uuid-sel-095'),
 ('uuid-appt-096', CURRENT_DATE + INTERVAL '96 days', 3, 1, 'uuid-cust-096', 'uuid-sel-096'),
 ('uuid-appt-097', CURRENT_DATE + INTERVAL '97 days', 1, 2, 'uuid-cust-097', 'uuid-sel-097'),
 ('uuid-appt-098', CURRENT_DATE + INTERVAL '98 days', 2, 3, 'uuid-cust-098', 'uuid-sel-098'),
 ('uuid-appt-099', CURRENT_DATE + INTERVAL '99 days', 1, 2, 'uuid-cust-099', 'uuid-sel-099'),
 ('uuid-appt-100', CURRENT_DATE + INTERVAL '100 days',1, 1, 'uuid-cust-100', 'uuid-sel-100');